,Zip.Code,RUCC_2023
0,53538,4.0
1,53538,4.0
2,53538,4.0
3,53578,4.0
4,53578,4.0
5,53578,4.0
6,53578,4.0
7,53558,2.0
8,53558,2.0
9,53558,2.0
10,53558,2.0
11,53527,2.0
12,53527,2.0
13,53527,2.0
14,53529,2.0
15,53529,2.0
16,53529,2.0
17,53561,4.0
18,53561,4.0
19,53561,4.0
20,53715,2.0
21,53715,2.0
22,53715,2.0
23,53711,2.0
24,53711,2.0
25,53711,2.0
32,53523,2.0
33,53523,2.0
34,53523,2.0
35,53711,2.0
36,53711,2.0
37,53711,2.0
38,53711,2.0
39,53711,2.0
40,53719,2.0
41,53719,2.0
42,53719,2.0
43,53711,2.0
44,53711,2.0
45,53711,2.0
52,53508,2.0
53,53508,2.0
54,53508,2.0
55,53703,2.0
56,53703,2.0
57,53703,2.0
58,53705,2.0
59,53705,2.0
60,53705,2.0
61,53715,2.0
62,53715,2.0
63,53715,2.0
64,53719,2.0
65,53719,2.0
66,53719,2.0
73,53523,2.0
74,53523,2.0
75,53523,2.0
76,34110,2.0
77,34110,2.0
78,53589,2.0
79,53589,2.0
80,53589,2.0
87,53523,2.0
88,53523,2.0
89,53523,2.0
90,53523,2.0
91,53528,2.0
92,53528,2.0
93,53528,2.0
94,53703,2.0
95,53703,2.0
96,53703,2.0
97,53523,2.0
98,53523,2.0
99,53523,2.0
100,53523,2.0
101,53523,2.0
102,53711,2.0
103,53711,2.0
104,53711,2.0
105,53711,2.0
110,53703,2.0
111,53703,2.0
112,53703,2.0
116,53726,2.0
117,53726,2.0
118,53726,2.0
124,53719,2.0
125,53719,2.0
126,53719,2.0
127,53703,2.0
128,53703,2.0
129,53703,2.0
130,53593,2.0
131,53593,2.0
132,53593,2.0
133,53593,2.0
134,53593,2.0
135,53593,2.0
136,54115,2.0
137,54115,2.0
138,54115,2.0
145,53704,2.0
146,53704,2.0
147,53704,2.0
151,53717,2.0
152,53717,2.0
153,53717,2.0
154,53965,4.0
155,53965,4.0
156,53965,4.0
160,53716,2.0
161,53716,2.0
162,53716,2.0
163,53704,2.0
164,53704,2.0
165,53704,2.0
166,53718,2.0
167,53718,2.0
168,53718,2.0
169,53711,2.0
170,53711,2.0
171,53711,2.0
172,53593,2.0
173,53593,2.0
174,53593,2.0
175,53555,2.0
176,53555,2.0
177,53555,2.0
178,53572,2.0
179,53572,2.0
180,53572,2.0
181,53597,2.0
182,53597,2.0
183,53597,2.0
184,53713,2.0
185,53713,2.0
186,53713,2.0
190,53590,2.0
191,53590,2.0
192,53590,2.0
196,53717,2.0
197,53717,2.0
198,53717,2.0
199,53717,2.0
200,53717,2.0
201,53717,2.0
202,53555,2.0
203,53555,2.0
204,53555,2.0
205,53575,2.0
206,53575,2.0
207,53575,2.0
208,53508,2.0
209,53508,2.0
210,53508,2.0
211,53593,2.0
212,53593,2.0
213,53593,2.0
217,53711,2.0
218,53711,2.0
219,53562,2.0
220,53562,2.0
221,53562,2.0
222,53719,2.0
223,53719,2.0
224,53719,2.0
225,53719,2.0
226,53719,2.0
227,53719,2.0
228,53716,2.0
229,53716,2.0
230,53716,2.0
231,53574,2.0
232,53574,2.0
233,53574,2.0
234,53593,2.0
235,53593,2.0
236,53593,2.0
237,53578,4.0
238,53578,4.0
239,53578,4.0
240,53719,2.0
241,53719,2.0
242,53719,2.0
243,53572,2.0
244,53572,2.0
245,53572,2.0
246,53562,2.0
247,53562,2.0
248,53562,2.0
249,53703,2.0
250,53703,2.0
251,53703,2.0
252,53705,2.0
253,53705,2.0
254,53705,2.0
255,53719,2.0
256,53719,2.0
257,53719,2.0
258,53717,2.0
259,53717,2.0
260,53717,2.0
261,53713,2.0
262,53713,2.0
263,53713,2.0
264,53562,2.0
265,53562,2.0
266,53562,2.0
267,53593,2.0
268,53593,2.0
269,53593,2.0
270,53719,2.0
271,53719,2.0
272,53719,2.0
273,53717,2.0
274,53717,2.0
275,53717,2.0
276,53593,2.0
277,53593,2.0
278,53593,2.0
279,53711,2.0
280,53711,2.0
281,53711,2.0
282,53703,2.0
283,53703,2.0
284,53562,2.0
285,53562,2.0
286,53562,2.0
287,53703,2.0
288,53703,2.0
289,53703,2.0
290,53719,2.0
291,53719,2.0
292,53719,2.0
293,53711,2.0
294,53711,2.0
295,53711,2.0
296,53575,2.0
297,53575,2.0
298,53575,2.0
299,53711,2.0
300,53711,2.0
301,53711,2.0
302,53508,2.0
303,53508,2.0
304,53508,2.0
305,53726,2.0
306,53726,2.0
307,53726,2.0
308,53719,2.0
309,53719,2.0
310,53719,2.0
311,53713,2.0
312,53713,2.0
313,53713,2.0
314,53705,2.0
315,53705,2.0
316,53705,2.0
317,53703,2.0
318,53703,2.0
319,53703,2.0
320,53562,2.0
321,53562,2.0
322,53562,2.0
323,53711,2.0
324,53711,2.0
325,53711,2.0
326,53593,2.0
327,53593,2.0
328,53593,2.0
329,53703,2.0
330,53703,2.0
331,53703,2.0
332,53719,2.0
333,53719,2.0
334,53719,2.0
335,53711,2.0
336,53711,2.0
337,53711,2.0
338,53715,2.0
339,53715,2.0
340,53715,2.0
341,53593,2.0
342,53593,2.0
343,53593,2.0
344,53716,2.0
345,53716,2.0
346,53716,2.0
350,53703,2.0
351,53703,2.0
352,53703,2.0
353,53704,2.0
354,53704,2.0
355,53704,2.0
356,53719,2.0
357,53719,2.0
358,53719,2.0
359,53705,2.0
360,53705,2.0
361,53705,2.0
365,53704,2.0
366,53704,2.0
367,53704,2.0
368,53562,2.0
369,53562,2.0
370,53562,2.0
371,53716,2.0
372,53716,2.0
373,53716,2.0
374,53719,2.0
375,53719,2.0
376,53719,2.0
377,53562,2.0
378,53562,2.0
379,53711,2.0
380,53711,2.0
381,53711,2.0
382,53711,2.0
383,53711,2.0
384,53711,2.0
391,53558,2.0
392,53558,2.0
393,53558,2.0
394,53593,2.0
395,53593,2.0
396,53593,2.0
397,53590,2.0
398,53590,2.0
399,53590,2.0
400,53562,2.0
401,53562,2.0
402,53562,2.0
412,53703,2.0
413,53703,2.0
414,53703,2.0
415,53719,2.0
416,53719,2.0
417,53719,2.0
424,53713,2.0
425,53713,2.0
426,53713,2.0
427,53711,2.0
428,53711,2.0
429,53711,2.0
430,53532,2.0
431,53532,2.0
432,53532,2.0
433,53711,2.0
434,53711,2.0
435,53711,2.0
436,53711,2.0
437,53520,2.0
438,53520,2.0
439,53520,2.0
440,53718,2.0
441,53718,2.0
442,53718,2.0
443,53597,2.0
444,53597,2.0
445,53597,2.0
446,53711,2.0
447,53711,2.0
448,53711,2.0
452,53711,2.0
453,53711,2.0
454,53711,2.0
455,53711,2.0
456,53711,2.0
457,53711,2.0
458,53593,2.0
459,53593,2.0
460,53593,2.0
461,53959,4.0
462,53959,4.0
463,53959,4.0
464,53714,2.0
465,53714,2.0
466,53714,2.0
467,53711,2.0
468,53711,2.0
469,53711,2.0
470,53558,2.0
471,53558,2.0
472,53558,2.0
473,53705,2.0
474,53705,2.0
475,53705,2.0
476,53705,2.0
477,53705,2.0
478,53705,2.0
479,53705,2.0
480,53705,2.0
481,53704,2.0
482,53704,2.0
483,53704,2.0
484,53711,2.0
485,53711,2.0
486,53711,2.0
487,53593,2.0
488,53593,2.0
489,53593,2.0
490,53551,4.0
491,53551,4.0
492,53551,4.0
493,53593,2.0
494,53593,2.0
495,53593,2.0
496,53717,2.0
497,53717,2.0
498,53717,2.0
499,53705,2.0
500,53705,2.0
501,53705,2.0
502,53589,2.0
503,53589,2.0
504,53589,2.0
505,53711,2.0
506,53711,2.0
507,53711,2.0
508,53562,2.0
509,53562,2.0
510,53562,2.0
511,53711,2.0
512,53711,2.0
513,53711,2.0
514,53593,2.0
515,53593,2.0
516,53593,2.0
517,53704,2.0
518,53704,2.0
519,53704,2.0
520,53711,2.0
521,53711,2.0
522,53711,2.0
523,53597,2.0
524,53597,2.0
525,53597,2.0
526,53717,2.0
527,53717,2.0
528,53717,2.0
529,53562,2.0
530,53562,2.0
531,53562,2.0
532,53711,2.0
533,53711,2.0
534,53711,2.0
535,53704,2.0
536,53704,2.0
537,53704,2.0
538,53711,2.0
539,53711,2.0
540,53711,2.0
541,53705,2.0
542,53705,2.0
543,53705,2.0
544,53703,2.0
545,53703,2.0
546,53703,2.0
547,53718,2.0
548,53718,2.0
549,53718,2.0
550,53704,2.0
551,53704,2.0
552,53704,2.0
553,53562,2.0
554,53562,2.0
555,53562,2.0
556,53590,2.0
557,53590,2.0
558,53590,2.0
559,53593,2.0
560,53593,2.0
561,53593,2.0
562,53704,2.0
563,53704,2.0
564,53704,2.0
565,53597,2.0
566,53597,2.0
567,53597,2.0
568,53593,2.0
569,53593,2.0
570,53593,2.0
571,53711,2.0
572,53711,2.0
573,53711,2.0
574,53713,2.0
575,53713,2.0
576,53713,2.0
577,53562,2.0
578,53562,2.0
579,53562,2.0
583,53717,2.0
584,53717,2.0
585,53717,2.0
586,53562,2.0
587,53562,2.0
588,53562,2.0
595,53705,2.0
596,53705,2.0
597,53705,2.0
598,53562,2.0
599,53562,2.0
600,53562,2.0
601,53705,2.0
602,53705,2.0
603,53705,2.0
604,53590,2.0
605,53590,2.0
606,53590,2.0
607,53575,2.0
608,53575,2.0
609,53575,2.0
610,53711,2.0
611,53711,2.0
612,53711,2.0
613,53719,2.0
614,53704,2.0
615,53704,2.0
616,53704,2.0
617,53704,2.0
618,53704,2.0
619,53704,2.0
620,53717,2.0
621,53717,2.0
622,53717,2.0
623,53916,4.0
624,53916,4.0
625,53916,4.0
626,53713,2.0
627,53713,2.0
628,53713,2.0
629,53562,2.0
630,53562,2.0
631,53562,2.0
632,53711,2.0
633,53711,2.0
634,53711,2.0
635,53716,2.0
636,53716,2.0
637,53716,2.0
638,53901,2.0
639,53901,2.0
640,53901,2.0
641,53508,2.0
642,53508,2.0
643,53508,2.0
644,53704,2.0
645,53704,2.0
646,53704,2.0
647,53583,4.0
648,53583,4.0
649,53583,4.0
650,53590,2.0
651,53590,2.0
652,53711,2.0
653,53711,2.0
654,53711,2.0
655,53705,2.0
656,53705,2.0
657,53705,2.0
658,53590,2.0
659,53590,2.0
660,53590,2.0
661,53597,2.0
662,53597,2.0
663,53597,2.0
664,53575,2.0
665,53575,2.0
666,53575,2.0
670,53704,2.0
671,53704,2.0
672,53716,2.0
673,53716,2.0
674,53704,2.0
675,53704,2.0
676,53593,2.0
677,53593,2.0
678,53523,2.0
679,53523,2.0
684,53572,2.0
685,53572,2.0
686,53711,2.0
687,53711,2.0
688,53704,2.0
689,53704,2.0
690,53711,2.0
691,53711,2.0
692,53703,2.0
693,53703,2.0
696,53714,2.0
697,53714,2.0
698,53704,2.0
699,53704,2.0
701,53719,2.0
702,53719,2.0
703,53517,2.0
704,53517,2.0
705,53593,2.0
706,53593,2.0
707,53704,2.0
708,53704,2.0
709,53705,2.0
710,53705,2.0
711,53532,2.0
712,53532,2.0
715,53597,2.0
716,53597,2.0
717,53716,2.0
718,53716,2.0
719,53716,2.0
720,53716,2.0
721,53716,2.0
722,53716,2.0
723,53716,2.0
724,53716,2.0
725,53593,2.0
726,53593,2.0
727,53719,2.0
728,53719,2.0
731,53705,2.0
732,53705,2.0
733,53575,2.0
734,53575,2.0
735,53593,2.0
736,53593,2.0
737,53719,2.0
738,53719,2.0
739,53593,2.0
740,53593,2.0
741,53719,2.0
742,53719,2.0
743,53711,2.0
744,53711,2.0
745,53714,2.0
746,53714,2.0
747,53719,2.0
748,53719,2.0
749,53711,2.0
750,53711,2.0
751,53593,2.0
752,53593,2.0
753,53593,2.0
754,53593,2.0
755,53705,2.0
756,53705,2.0
757,53593,2.0
758,53593,2.0
759,53704,2.0
760,53704,2.0
761,53593,2.0
762,53593,2.0
763,53719,2.0
764,53719,2.0
765,53593,2.0
766,53593,2.0
767,53717,2.0
768,53717,2.0
769,53523,2.0
770,53523,2.0
771,53703,2.0
772,53703,2.0
773,53711,2.0
774,53711,2.0
775,53558,2.0
776,53558,2.0
777,53593,2.0
778,53593,2.0
779,53705,2.0
780,53705,2.0
781,53593,2.0
782,53593,2.0
783,53703,2.0
784,53703,2.0
785,53925,2.0
786,53925,2.0
787,53714,2.0
788,53714,2.0
789,53593,2.0
790,53593,2.0
791,53711,2.0
792,53711,2.0
793,53705,2.0
794,53705,2.0
795,53559,2.0
796,53559,2.0
797,53575,2.0
798,53575,2.0
801,53190,4.0
802,53190,4.0
803,53716,2.0
804,53590,2.0
805,53590,2.0
806,53558,2.0
807,53558,2.0
808,53711,2.0
809,53711,2.0
810,53704,2.0
811,53704,2.0
812,53711,2.0
813,53711,2.0
814,53704,2.0
815,53704,2.0
818,53532,2.0
819,53532,2.0
820,53532,2.0
821,53532,2.0
822,53589,2.0
823,53718,2.0
824,53718,2.0
825,53529,2.0
826,53529,2.0
827,53590,2.0
828,53590,2.0
829,53704,2.0
830,53704,2.0
831,53704,2.0
832,53704,2.0
833,53705,2.0
834,53705,2.0
837,53572,2.0
838,53572,2.0
841,53589,2.0
842,53716,2.0
843,53716,2.0
844,53713,2.0
845,53713,2.0
848,53711,2.0
849,53711,2.0
850,53959,4.0
851,53959,4.0
852,53718,2.0
853,53718,2.0
856,53590,2.0
857,53590,2.0
858,53704,2.0
859,53704,2.0
860,53714,2.0
861,53714,2.0
862,53562,2.0
863,53562,2.0
866,53538,4.0
867,53538,4.0
868,53531,2.0
869,53531,2.0
872,53913,4.0
873,53913,4.0
874,53703,2.0
875,53703,2.0
876,53711,2.0
877,53711,2.0
878,53562,2.0
879,53562,2.0
880,53593,2.0
881,53593,2.0
882,53925,2.0
883,53925,2.0
884,53719,2.0
885,53719,2.0
886,53532,2.0
887,53532,2.0
888,53532,2.0
889,53532,2.0
890,53711,2.0
891,53711,2.0
892,53719,2.0
893,53719,2.0
894,53558,2.0
895,53558,2.0
896,53703,2.0
899,53593,2.0
900,53593,2.0
904,53517,2.0
905,53517,2.0
906,53562,2.0
907,53562,2.0
908,18020,2.0
909,18020,2.0
910,53590,2.0
911,53590,2.0
912,12590,2.0
913,12590,2.0
914,53551,4.0
915,53551,4.0
916,53717,2.0
917,53717,2.0
922,53711,2.0
923,53711,2.0
924,53590,2.0
925,53590,2.0
926,53527,2.0
927,53527,2.0
928,53527,2.0
929,53527,2.0
934,53716,2.0
935,53716,2.0
936,53523,2.0
937,53523,2.0
938,53711,2.0
939,53711,2.0
940,53593,2.0
941,53593,2.0
942,53716,2.0
943,53716,2.0
944,53711,2.0
945,53711,2.0
946,53597,2.0
947,53597,2.0
948,53593,2.0
949,53593,2.0
950,53562,2.0
951,53562,2.0
952,53593,2.0
953,53593,2.0
954,53705,2.0
955,53705,2.0
958,53531,2.0
959,53531,2.0
960,53593,2.0
961,53593,2.0
962,53716,2.0
963,53716,2.0
964,53558,2.0
965,53558,2.0
970,53558,2.0
971,53558,2.0
972,53590,2.0
973,53590,2.0
974,53719,2.0
975,53719,2.0
976,53705,2.0
977,53705,2.0
978,53508,2.0
979,53508,2.0
980,53555,2.0
981,53555,2.0
982,53711,2.0
983,53711,2.0
984,53704,2.0
985,53704,2.0
986,53704,2.0
987,53704,2.0
988,53705,2.0
989,53705,2.0
990,53575,2.0
991,53575,2.0
992,53562,2.0
993,53562,2.0
994,53508,2.0
995,53508,2.0
996,53717,2.0
997,53717,2.0
998,53719,2.0
999,53719,2.0
1000,53562,2.0
1001,53562,2.0
1006,53562,2.0
1007,53562,2.0
1008,53711,2.0
1009,53711,2.0
1012,53529,2.0
1013,53529,2.0
1018,53719,2.0
1019,53719,2.0
1020,53711,2.0
1021,53711,2.0
1022,53711,2.0
1023,53711,2.0
1026,53704,2.0
1027,53704,2.0
1028,53589,2.0
1029,53589,2.0
1030,53575,2.0
1031,53575,2.0
1032,53522,2.0
1033,53522,2.0
1034,53562,2.0
1035,53562,2.0
1036,53590,2.0
1037,53590,2.0
1038,53503,2.0
1039,53503,2.0
1040,53593,2.0
1041,53593,2.0
1042,53711,2.0
1043,53711,2.0
1044,53719,2.0
1045,53719,2.0
1046,53716,2.0
1047,53716,2.0
1048,53711,2.0
1049,53711,2.0
1050,53719,2.0
1051,53719,2.0
1054,53575,2.0
1055,53575,2.0
1056,53719,2.0
1057,53719,2.0
1058,53705,2.0
1059,53705,2.0
1060,53558,2.0
1061,53558,2.0
1062,53562,2.0
1063,53562,2.0
1064,53590,2.0
1065,53590,2.0
1070,53575,2.0
1071,53575,2.0
1074,53941,4.0
1075,53941,4.0
1078,53711,2.0
1079,53711,2.0
1080,53562,2.0
1081,53562,2.0
1084,53565,2.0
1085,53565,2.0
1086,53711,2.0
1087,53704,2.0
1088,53704,2.0
1089,53575,2.0
1090,53575,2.0
1091,53558,2.0
1092,53558,2.0
1093,53719,2.0
1094,53719,2.0
1095,53704,2.0
1096,53704,2.0
1097,53714,2.0
1098,53714,2.0
1099,53941,4.0
1100,53941,4.0
1101,53719,2.0
1102,53719,2.0
1103,53528,2.0
1104,53528,2.0
1105,53703,2.0
1106,53711,2.0
1107,53711,2.0
1108,53711,2.0
1109,53711,2.0
1110,53590,2.0
1111,53590,2.0
1112,53575,2.0
1113,53575,2.0
1114,53726,2.0
1115,53726,2.0
1116,53572,2.0
1117,53572,2.0
1118,53711,2.0
1119,53959,4.0
1120,53959,4.0
1121,53711,2.0
1122,53711,2.0
1123,53562,2.0
1124,53562,2.0
1125,53527,2.0
1126,53527,2.0
1127,53711,2.0
1128,53711,2.0
1129,53705,2.0
1130,53705,2.0
1131,53593,2.0
1132,53593,2.0
1133,53528,2.0
1134,53528,2.0
1135,53562,2.0
1136,53562,2.0
1137,53508,2.0
1138,53508,2.0
1139,53527,2.0
1140,53527,2.0
1141,53597,2.0
1142,53597,2.0
1143,53719,2.0
1144,53704,2.0
1145,53704,2.0
1146,53704,2.0
1147,53704,2.0
1148,53719,2.0
1149,53719,2.0
1152,53578,4.0
1153,53578,4.0
1154,53713,2.0
1155,53713,2.0
1158,53558,2.0
1159,53718,2.0
1160,53718,2.0
1161,53528,2.0
1162,53528,2.0
1163,53959,4.0
1164,53959,4.0
1167,53713,2.0
1168,53713,2.0
1169,53718,2.0
1170,53718,2.0
1171,53590,2.0
1172,53590,2.0
1173,53719,2.0
1174,53719,2.0
1175,53590,2.0
1176,53590,2.0
1177,53711,2.0
1178,53711,2.0
1179,53527,2.0
1180,53527,2.0
1181,53549,4.0
1182,53549,4.0
1185,53954,2.0
1186,53954,2.0
1187,53050,4.0
1188,53050,4.0
1189,53532,2.0
1190,53532,2.0
1193,53717,2.0
1194,53717,2.0
1195,53705,2.0
1196,53705,2.0
1197,53583,4.0
1198,53583,4.0
1201,53705,2.0
1202,53705,2.0
1203,53714,2.0
1204,53714,2.0
1205,53590,2.0
1206,53508,2.0
1207,53508,2.0
1208,53704,2.0
1209,53704,2.0
1210,53711,2.0
1211,53711,2.0
1212,53532,2.0
1213,53532,2.0
1214,53533,2.0
1215,53533,2.0
1218,53561,4.0
1219,53561,4.0
1220,53705,2.0
1221,53705,2.0
1224,53527,2.0
1225,53527,2.0
1226,53589,2.0
1227,53589,2.0
1230,53558,2.0
1231,53558,2.0
1232,53913,4.0
1233,53913,4.0
1234,53959,4.0
1235,53959,4.0
1236,53551,4.0
1237,53551,4.0
1238,53718,2.0
1239,53718,2.0
1240,53716,2.0
1241,53716,2.0
1242,53716,2.0
1243,53716,2.0
1244,53583,4.0
1245,53583,4.0
1248,53562,2.0
1249,53562,2.0
1250,53716,2.0
1251,53716,2.0
1252,53572,2.0
1253,53572,2.0
1254,53578,4.0
1255,53578,4.0
1256,53562,2.0
1257,53562,2.0
1258,53558,2.0
1259,53558,2.0
1260,53589,2.0
1261,53589,2.0
1262,53503,2.0
1263,53503,2.0
1264,53704,2.0
1265,53704,2.0
1266,53719,2.0
1267,53719,2.0
1270,53716,2.0
1271,53716,2.0
1274,53578,4.0
1275,53578,4.0
1276,53719,2.0
1277,53719,2.0
1278,53578,4.0
1279,53578,4.0
1280,53502,2.0
1281,53502,2.0
1284,53575,2.0
1285,53575,2.0
1286,53532,2.0
1287,53532,2.0
1292,53562,2.0
1293,53562,2.0
1294,53593,2.0
1295,53593,2.0
1296,53590,2.0
1297,53590,2.0
1298,53528,2.0
1299,53528,2.0
1300,53520,2.0
1301,53520,2.0
1304,53704,2.0
1305,53704,2.0
1306,53593,2.0
1307,53593,2.0
1308,53575,2.0
1309,53575,2.0
1310,53570,2.0
1311,53570,2.0
1316,53575,2.0
1317,53575,2.0
1318,53589,2.0
1319,53589,2.0
1320,53588,4.0
1321,53588,4.0
1322,53590,2.0
1323,53590,2.0
1324,53560,2.0
1325,53560,2.0
1326,53590,2.0
1327,53590,2.0
1328,53590,2.0
1329,53956,4.0
1330,53956,4.0
1331,53590,2.0
1332,53590,2.0
1333,53925,2.0
1334,53925,2.0
1335,53963,4.0
1336,53963,4.0
1337,53562,2.0
1338,53562,2.0
1339,53704,2.0
1340,53704,2.0
1341,53575,2.0
1342,53575,2.0
1343,53959,4.0
1344,53959,4.0
1345,53575,2.0
1346,53575,2.0
1347,53566,2.0
1348,53566,2.0
1349,53578,4.0
1350,53578,4.0
1351,53714,2.0
1352,53714,2.0
1353,53597,2.0
1354,53597,2.0
1355,53566,2.0
1356,53566,2.0
1357,53572,2.0
1358,53572,2.0
1361,53532,2.0
1362,53532,2.0
1363,53959,4.0
1364,53959,4.0
1365,53593,2.0
1366,53593,2.0
1367,53527,2.0
1368,53527,2.0
1369,53718,2.0
1370,53965,4.0
1371,53965,4.0
1372,53508,2.0
1373,53508,2.0
1374,53532,2.0
1375,53532,2.0
1376,53593,2.0
1377,53593,2.0
1378,53711,2.0
1379,53711,2.0
1382,53704,2.0
1383,53704,2.0
1384,53508,2.0
1385,53508,2.0
1386,53115,4.0
1387,53115,4.0
1388,53593,2.0
1389,53593,2.0
1392,53562,2.0
1393,53562,2.0
1394,53594,4.0
1395,53594,4.0
1396,53593,2.0
1397,53593,2.0
1400,53714,2.0
1401,53714,2.0
1402,53597,2.0
1403,53597,2.0
1404,53572,2.0
1405,53572,2.0
1406,53913,4.0
1407,53913,4.0
1410,53572,2.0
1411,53572,2.0
1416,53711,2.0
1417,53711,2.0
1418,53941,4.0
1419,53941,4.0
1420,53719,2.0
1421,53719,2.0
1422,53713,2.0
1423,53713,2.0
1425,53562,2.0
1426,53562,2.0
1427,53555,2.0
1428,53555,2.0
1429,53589,2.0
1430,53589,2.0
1431,53555,2.0
1432,53555,2.0
1433,53527,2.0
1434,53527,2.0
1435,53593,2.0
1436,53593,2.0
1437,53517,2.0
1438,53517,2.0
1439,53528,2.0
1440,53528,2.0
1441,53532,2.0
1442,53532,2.0
1443,53590,2.0
1444,53590,2.0
1445,53531,2.0
1446,53531,2.0
1451,53593,2.0
1452,53593,2.0
1453,53566,2.0
1454,53566,2.0
1455,53590,2.0
1456,53590,2.0
1457,53575,2.0
1458,53575,2.0
1459,53555,2.0
1460,53555,2.0
1461,53562,2.0
1462,53562,2.0
1463,53531,2.0
1464,53531,2.0
1465,53590,2.0
1466,53590,2.0
1467,53532,2.0
1468,53527,2.0
1469,53527,2.0
1470,53532,2.0
1471,53532,2.0
1474,53532,2.0
1475,53532,2.0
1478,53589,2.0
1479,53589,2.0
1480,53716,2.0
1481,53716,2.0
1482,53715,2.0
1485,53716,2.0
1486,53716,2.0
1487,53528,2.0
1488,53528,2.0
1489,53718,2.0
1490,53718,2.0
1493,53590,2.0
1494,53590,2.0
1495,53719,2.0
1496,53719,2.0
1497,53559,2.0
1498,53559,2.0
1499,53590,2.0
1500,53590,2.0
1501,53726,2.0
1502,53726,2.0
1503,53515,2.0
1504,53589,2.0
1505,53589,2.0
1506,53593,2.0
1507,53593,2.0
1508,53704,2.0
1509,53704,2.0
1510,53593,2.0
1511,53593,2.0
1514,53913,4.0
1515,53913,4.0
1516,53597,2.0
1517,53597,2.0
1518,53538,4.0
1519,53538,4.0
1520,53590,2.0
1521,53590,2.0
1522,53714,2.0
1523,53714,2.0
1524,53711,2.0
1525,53711,2.0
1526,53559,2.0
1527,53559,2.0
1528,53566,2.0
1529,53566,2.0
1530,53517,2.0
1531,53517,2.0
1532,53589,2.0
1533,53589,2.0
1534,53593,2.0
1535,53593,2.0
1536,53558,2.0
1537,53558,2.0
1538,53719,2.0
1539,53719,2.0
1540,53716,2.0
1541,53716,2.0
1544,53588,4.0
1545,53588,4.0
1546,53711,2.0
1547,53711,2.0
1548,53527,2.0
1549,53527,2.0
1550,53590,2.0
1551,53590,2.0
1554,53590,2.0
1555,53590,2.0
1556,53717,2.0
1557,53717,2.0
1560,53954,2.0
1561,53954,2.0
1562,53597,2.0
1563,53597,2.0
1564,53532,2.0
1565,53532,2.0
1566,53704,2.0
1567,53704,2.0
1568,53719,2.0
1569,53555,2.0
1570,53555,2.0
1571,53532,2.0
1572,53532,2.0
1573,53574,2.0
1574,53574,2.0
1575,53575,2.0
1576,53575,2.0
1577,53551,4.0
1578,53551,4.0
1579,53507,2.0
1580,53507,2.0
1581,53916,4.0
1582,53916,4.0
1583,53538,4.0
1584,53538,4.0
1585,53508,2.0
1586,53508,2.0
1587,53589,2.0
1588,53589,2.0
1589,53562,2.0
1590,53562,2.0
1591,53590,2.0
1592,53590,2.0
1593,53718,2.0
1594,53718,2.0
1595,53589,2.0
1596,53589,2.0
1597,53558,2.0
1598,53558,2.0
1599,53711,2.0
1600,53711,2.0
1601,53597,2.0
1602,53597,2.0
1603,53597,2.0
1604,53597,2.0
1605,53916,4.0
1606,53916,4.0
1607,53590,2.0
1608,53590,2.0
1609,53593,2.0
1610,53593,2.0
1611,53559,2.0
1612,53559,2.0
1613,53590,2.0
1614,53590,2.0
1615,53572,2.0
1616,53572,2.0
1617,53704,2.0
1618,53704,2.0
1619,53538,4.0
1620,53538,4.0
1621,53558,2.0
1622,53558,2.0
1623,53562,2.0
1624,53562,2.0
1625,53532,2.0
1626,53532,2.0
1627,53714,2.0
1628,53714,2.0
1629,53590,2.0
1630,53590,2.0
1631,53954,2.0
1632,53954,2.0
1633,53590,2.0
1634,53590,2.0
1635,53566,2.0
1636,53566,2.0
1637,53705,2.0
1638,53705,2.0
1639,53597,2.0
1640,53597,2.0
1641,53589,2.0
1642,53589,2.0
1643,53589,2.0
1644,53589,2.0
1645,53593,2.0
1646,53593,2.0
1647,53562,2.0
1648,53562,2.0
1649,53925,2.0
1650,53925,2.0
1651,53956,4.0
1652,53956,4.0
1653,53715,2.0
1654,53715,2.0
1655,53532,2.0
1656,53532,2.0
1657,53718,2.0
1658,53529,2.0
1659,53529,2.0
1660,53574,2.0
1661,53574,2.0
1664,53594,4.0
1665,53594,4.0
1666,53590,2.0
1667,53590,2.0
1668,53590,2.0
1669,53590,2.0
1670,53572,2.0
1671,53572,2.0
1672,53597,2.0
1673,53597,2.0
1674,53531,2.0
1675,53531,2.0
1676,53711,2.0
1677,53711,2.0
1679,53719,2.0
1680,53719,2.0
1681,53959,4.0
1682,53959,4.0
1683,53562,2.0
1684,53562,2.0
1685,53575,2.0
1686,53575,2.0
1687,53719,2.0
1688,53719,2.0
1691,53590,2.0
1692,53590,2.0
1693,53716,2.0
1694,53716,2.0
1695,53716,2.0
1696,53716,2.0
1697,53719,2.0
1698,53719,2.0
1699,53711,2.0
1700,53711,2.0
1701,53711,2.0
1702,53711,2.0
1703,53713,2.0
1704,53713,2.0
1705,53711,2.0
1706,53711,2.0
1707,53570,2.0
1708,53570,2.0
1709,53913,4.0
1710,53913,4.0
1711,53531,2.0
1712,53531,2.0
1713,53562,2.0
1714,53562,2.0
1715,53925,2.0
1716,53925,2.0
1717,53716,2.0
1718,53716,2.0
1719,53954,2.0
1720,53954,2.0
1723,53562,2.0
1724,53562,2.0
1725,53590,2.0
1726,53590,2.0
1727,53598,2.0
1728,53598,2.0
1729,53502,2.0
1730,53555,2.0
1731,53555,2.0
1732,53523,2.0
1733,53523,2.0
1734,53589,2.0
1735,53589,2.0
1736,53714,2.0
1737,53714,2.0
1738,53562,2.0
1739,53562,2.0
1740,53555,2.0
1741,53555,2.0
1742,53711,2.0
1743,53711,2.0
1744,53558,2.0
1745,53558,2.0
1746,53574,2.0
1747,53574,2.0
1748,53711,2.0
1749,53711,2.0
1750,53562,2.0
1751,53562,2.0
1754,53593,2.0
1755,53593,2.0
1756,53533,2.0
1757,53533,2.0
1758,53574,2.0
1759,53574,2.0
1760,53593,2.0
1761,53593,2.0
1762,53704,2.0
1763,53704,2.0
1764,53570,2.0
1765,53570,2.0
1766,53704,2.0
1767,53704,2.0
1768,53704,2.0
1769,53704,2.0
1772,53572,2.0
1773,53572,2.0
1774,53714,2.0
1775,53714,2.0
1776,53558,2.0
1777,53558,2.0
1778,53589,2.0
1779,53589,2.0
1780,53589,2.0
1781,53589,2.0
1782,53719,2.0
1783,53719,2.0
1784,53560,2.0
1785,53560,2.0
1786,53566,2.0
1787,53566,2.0
1788,53711,2.0
1789,53711,2.0
1790,53719,2.0
1791,53719,2.0
1792,53590,2.0
1793,53590,2.0
1794,53593,2.0
1795,53593,2.0
1796,53711,2.0
1797,53711,2.0
1798,53562,2.0
1799,53562,2.0
1800,53559,2.0
1801,53559,2.0
1802,53521,2.0
1803,53521,2.0
1804,53528,2.0
1805,53711,2.0
1806,53711,2.0
1807,53711,2.0
1808,53711,2.0
1809,53704,2.0
1810,53704,2.0
1811,53719,2.0
1812,53719,2.0
1813,53719,2.0
1814,53719,2.0
1815,53551,4.0
1816,53551,4.0
1817,53589,2.0
1818,53589,2.0
1819,53590,2.0
1820,53590,2.0
1821,53901,2.0
1822,53901,2.0
1823,53590,2.0
1824,53590,2.0
1825,53590,2.0
1826,53590,2.0
1829,53508,2.0
1830,53508,2.0
1831,53590,2.0
1832,53590,2.0
1833,53551,4.0
1834,53551,4.0
1835,53597,2.0
1836,53597,2.0
1837,53719,2.0
1838,53719,2.0
1839,53705,2.0
1840,53705,2.0
1841,53528,2.0
1842,53716,2.0
1843,53716,2.0
1844,53901,2.0
1845,53901,2.0
1846,53718,2.0
1847,53718,2.0
1848,53590,2.0
1849,53590,2.0
1850,53704,2.0
1851,53704,2.0
1852,53527,2.0
1853,53527,2.0
1854,53704,2.0
1855,53704,2.0
1856,53517,2.0
1857,53517,2.0
1858,53704,2.0
1859,53704,2.0
1860,53597,2.0
1861,53597,2.0
1862,53598,2.0
1863,53598,2.0
1864,53711,2.0
1865,53711,2.0
1868,53562,2.0
1869,53562,2.0
1870,53593,2.0
1871,53593,2.0
1872,53562,2.0
1873,53562,2.0
1874,53704,2.0
1875,53704,2.0
1876,53593,2.0
1877,53588,4.0
1878,53588,4.0
1879,53901,2.0
1880,53901,2.0
1881,53558,2.0
1882,53558,2.0
1883,53566,2.0
1884,53566,2.0
1885,53704,2.0
1886,53704,2.0
1887,53572,2.0
1888,53572,2.0
1889,53719,2.0
1890,53719,2.0
1891,53593,2.0
1892,53593,2.0
1893,53718,2.0
1894,53718,2.0
1895,53597,2.0
1896,53597,2.0
1897,53558,2.0
1898,53558,2.0
1899,53589,2.0
1900,53589,2.0
1901,53558,2.0
1902,53558,2.0
1903,53718,2.0
1904,53718,2.0
1905,53589,2.0
1906,53589,2.0
1907,53533,2.0
1908,53533,2.0
1909,53575,2.0
1910,53575,2.0
1911,53574,2.0
1912,53574,2.0
1913,53589,2.0
1914,53589,2.0
1915,53711,2.0
1916,53711,2.0
1919,53531,2.0
1920,53531,2.0
1923,53704,2.0
1924,53704,2.0
1925,53714,2.0
1926,53714,2.0
1929,53575,2.0
1930,53575,2.0
1931,53508,2.0
1932,53508,2.0
1933,53925,2.0
1934,53925,2.0
1935,53532,2.0
1936,53532,2.0
1937,53716,2.0
1938,53716,2.0
1939,53589,2.0
1940,53589,2.0
1941,53583,4.0
1942,53583,4.0
1943,53716,2.0
1944,53590,2.0
1945,53590,2.0
1946,53560,2.0
1947,53560,2.0
1948,53959,4.0
1949,53959,4.0
1950,53558,2.0
1951,53558,2.0
1952,53925,2.0
1953,53925,2.0
1954,53597,2.0
1955,53597,2.0
1956,53593,2.0
1957,53593,2.0
1958,53558,2.0
1959,53558,2.0
1960,53559,2.0
1961,53559,2.0
1962,53555,2.0
1963,53555,2.0
1964,53532,2.0
1965,53532,2.0
1968,53533,2.0
1969,53533,2.0
1970,53711,2.0
1971,53711,2.0
1972,53704,2.0
1973,53704,2.0
1974,53716,2.0
1975,53716,2.0
1976,53719,2.0
1977,53719,2.0
1978,53527,2.0
1979,53527,2.0
1980,53590,2.0
1981,53590,2.0
1982,53589,2.0
1983,53589,2.0
1984,53558,2.0
1985,53558,2.0
1986,53558,2.0
1987,53558,2.0
1988,53562,2.0
1989,53562,2.0
1990,53593,2.0
1991,53593,2.0
1992,53717,2.0
1993,53717,2.0
1994,53703,2.0
1995,53703,2.0
1996,53528,2.0
1997,53575,2.0
1998,53575,2.0
1999,53555,2.0
2000,53555,2.0
2001,53515,2.0
2002,53515,2.0
2003,53711,2.0
2004,53711,2.0
2005,53716,2.0
2006,53716,2.0
2007,53716,2.0
2008,53716,2.0
2009,53558,2.0
2010,53558,2.0
2011,53562,2.0
2012,53562,2.0
2013,53704,2.0
2014,53704,2.0
2015,53716,2.0
2016,53716,2.0
2017,53925,2.0
2018,53925,2.0
2019,53711,2.0
2020,53711,2.0
2021,53716,2.0
2022,53593,2.0
2023,53593,2.0
2024,53590,2.0
2025,53590,2.0
2026,53718,2.0
2027,53718,2.0
2030,53590,2.0
2031,53590,2.0
2032,53704,2.0
2033,53704,2.0
2034,53558,2.0
2035,53558,2.0
2036,53711,2.0
2037,53711,2.0
2038,53562,2.0
2039,53562,2.0
2040,53558,2.0
2041,53558,2.0
2042,53594,4.0
2043,53594,4.0
2044,53578,4.0
2045,53578,4.0
2046,53575,2.0
2047,53575,2.0
2048,53717,2.0
2049,53703,2.0
2050,53703,2.0
2051,53590,2.0
2052,53590,2.0
2053,53597,2.0
2054,53597,2.0
2055,53716,2.0
2056,53716,2.0
2057,53719,2.0
2058,53719,2.0
2059,53538,4.0
2060,53538,4.0
2061,53590,2.0
2062,53590,2.0
2063,53711,2.0
2064,53711,2.0
2065,53716,2.0
2066,53716,2.0
2069,53713,2.0
2070,53713,2.0
2071,53522,2.0
2072,53522,2.0
2073,53711,2.0
2074,53711,2.0
2075,53711,2.0
2076,53711,2.0
2077,53532,2.0
2078,53532,2.0
2079,53551,4.0
2080,53559,2.0
2081,53559,2.0
2082,53572,2.0
2083,53572,2.0
2086,53703,2.0
2087,53523,2.0
2088,53523,2.0
2089,53704,2.0
2090,53704,2.0
2091,53955,2.0
2092,53955,2.0
2093,53713,2.0
2094,53713,2.0
2095,53711,2.0
2096,53711,2.0
2097,53588,4.0
2098,53588,4.0
2099,53718,2.0
2100,53718,2.0
2101,53590,2.0
2102,53532,2.0
2103,53532,2.0
2104,53527,2.0
2105,53527,2.0
2106,53716,2.0
2107,53716,2.0
2108,53558,2.0
2109,53558,2.0
2110,53718,2.0
2111,53718,2.0
2112,53597,2.0
2113,53597,2.0
2116,53704,2.0
2117,53704,2.0
2118,53566,2.0
2119,53566,2.0
2120,53711,2.0
2121,53711,2.0
2122,53716,2.0
2123,53716,2.0
2124,53589,2.0
2125,53589,2.0
2126,53593,2.0
2127,53593,2.0
2128,53704,2.0
2129,53704,2.0
2130,53575,2.0
2131,53575,2.0
2132,53711,2.0
2133,53711,2.0
2134,53711,2.0
2135,53711,2.0
2136,53590,2.0
2137,53590,2.0
2138,53555,2.0
2139,53555,2.0
2140,53718,2.0
2141,53718,2.0
2142,53704,2.0
2143,53704,2.0
2144,53590,2.0
2145,53590,2.0
2146,53558,2.0
2147,53558,2.0
2148,53711,2.0
2149,53711,2.0
2156,53719,2.0
2157,53719,2.0
2158,53598,2.0
2159,53598,2.0
2160,53959,4.0
2161,53959,4.0
2162,53532,2.0
2163,53532,2.0
2164,53704,2.0
2165,53704,2.0
2166,53590,2.0
2167,53590,2.0
2168,53593,2.0
2169,53593,2.0
2170,53711,2.0
2171,53711,2.0
2172,53558,2.0
2173,53558,2.0
2174,53716,2.0
2175,53716,2.0
2176,53719,2.0
2177,53719,2.0
2178,53719,2.0
2179,53719,2.0
2180,53714,2.0
2181,53714,2.0
2182,53558,2.0
2183,53558,2.0
2184,53523,2.0
2185,53523,2.0
2186,53558,2.0
2187,53523,2.0
2188,53523,2.0
2189,53716,2.0
2190,53716,2.0
2191,53589,2.0
2192,53589,2.0
2193,53527,2.0
2194,53527,2.0
2195,53704,2.0
2196,53704,2.0
2197,53593,2.0
2198,53593,2.0
2199,53719,2.0
2200,53719,2.0
2201,53711,2.0
2202,53711,2.0
2203,53566,2.0
2204,53566,2.0
2205,53532,2.0
2206,53532,2.0
2207,53590,2.0
2208,53590,2.0
2209,53562,2.0
2210,53562,2.0
2211,53711,2.0
2212,53711,2.0
2213,53716,2.0
2214,53716,2.0
2215,53718,2.0
2216,53718,2.0
2217,53590,2.0
2218,53590,2.0
2219,53566,2.0
2220,53566,2.0
2221,53558,2.0
2222,53558,2.0
2223,53590,2.0
2224,53590,2.0
2225,53531,2.0
2226,53531,2.0
2227,53713,2.0
2228,53713,2.0
2229,53589,2.0
2230,53589,2.0
2233,53589,2.0
2234,53589,2.0
2235,53532,2.0
2236,53532,2.0
2237,53719,2.0
2238,53719,2.0
2239,53705,2.0
2240,53705,2.0
2241,53589,2.0
2242,53589,2.0
2243,53717,2.0
2244,53717,2.0
2245,53714,2.0
2246,53714,2.0
2247,53597,2.0
2248,53597,2.0
2249,53147,4.0
2250,53147,4.0
2251,53528,2.0
2252,53528,2.0
2253,53704,2.0
2254,53704,2.0
2255,53704,2.0
2256,53704,2.0
2257,53913,4.0
2258,53590,2.0
2259,53590,2.0
2260,53589,2.0
2261,53589,2.0
2262,53531,2.0
2263,53531,2.0
2264,53562,2.0
2265,53562,2.0
2266,53528,2.0
2271,53532,2.0
2272,53532,2.0
2273,53589,2.0
2274,53589,2.0
2275,53597,2.0
2276,53597,2.0
2279,53711,2.0
2280,53711,2.0
2281,53575,2.0
2282,53575,2.0
2283,53590,2.0
2284,53590,2.0
2285,53714,2.0
2286,53714,2.0
2287,53590,2.0
2288,53590,2.0
2289,53597,2.0
2290,53597,2.0
2295,53713,2.0
2296,53713,2.0
2297,53575,2.0
2298,53575,2.0
2299,53528,2.0
2300,53528,2.0
2301,53593,2.0
2302,53593,2.0
2307,53590,2.0
2308,53590,2.0
2309,53713,2.0
2310,53713,2.0
2311,53711,2.0
2312,53711,2.0
2313,53532,2.0
2314,53532,2.0
2315,53589,2.0
2316,53589,2.0
2317,53597,2.0
2318,53597,2.0
2319,53597,2.0
2320,53597,2.0
2321,53549,4.0
2322,53549,4.0
2327,53570,2.0
2328,53704,2.0
2329,53704,2.0
2330,53590,2.0
2331,53590,2.0
2332,53574,2.0
2333,53574,2.0
2334,53711,2.0
2335,53711,2.0
2338,53704,2.0
2339,53704,2.0
2340,53575,2.0
2341,53716,2.0
2342,53716,2.0
2345,53562,2.0
2346,53562,2.0
2347,53575,2.0
2348,53575,2.0
2349,53578,4.0
2350,53578,4.0
2351,53719,2.0
2352,53719,2.0
2353,53593,2.0
2354,53593,2.0
2355,53597,2.0
2356,53597,2.0
2357,53562,2.0
2358,53562,2.0
2359,53715,2.0
2360,53715,2.0
2361,53574,2.0
2362,53574,2.0
2363,53714,2.0
2364,53714,2.0
2365,53593,2.0
2366,53593,2.0
2367,53562,2.0
2368,53562,2.0
2369,53711,2.0
2370,53711,2.0
2371,53590,2.0
2372,53590,2.0
2374,53593,2.0
2375,53593,2.0
2376,53594,4.0
2377,53594,4.0
2378,53590,2.0
2379,53590,2.0
2380,53716,2.0
2381,53716,2.0
2382,53531,2.0
2383,53531,2.0
2384,53719,2.0
2385,53719,2.0
2386,53711,2.0
2387,53711,2.0
2388,53562,2.0
2389,53562,2.0
2390,53711,2.0
2391,53711,2.0
2392,53704,2.0
2393,53704,2.0
2394,53704,2.0
2395,53704,2.0
2396,53711,2.0
2397,53711,2.0
2398,53716,2.0
2399,53716,2.0
2400,53562,2.0
2401,53562,2.0
2402,53719,2.0
2403,53719,2.0
2404,53508,2.0
2405,53508,2.0
2406,53555,2.0
2407,53562,2.0
2408,53562,2.0
2409,53925,2.0
2410,53925,2.0
2411,53719,2.0
2412,53719,2.0
2413,53538,4.0
2414,53538,4.0
2417,53558,2.0
2418,53558,2.0
2419,53704,2.0
2420,53704,2.0
2421,53590,2.0
2422,53590,2.0
2423,53558,2.0
2424,53558,2.0
2425,53558,2.0
2426,53558,2.0
2427,53575,2.0
2428,53575,2.0
2431,53533,2.0
2432,53533,2.0
2433,53572,2.0
2434,53572,2.0
2435,53574,2.0
2436,53574,2.0
2437,53589,2.0
2438,53589,2.0
2439,53713,2.0
2440,53713,2.0
2441,53589,2.0
2442,53589,2.0
2443,53593,2.0
2444,53593,2.0
2445,53963,4.0
2446,53963,4.0
2447,53532,2.0
2448,53532,2.0
2449,53711,2.0
2450,53590,2.0
2451,53590,2.0
2452,53522,2.0
2453,53522,2.0
2454,53593,2.0
2455,53593,2.0
2456,53719,2.0
2457,53719,2.0
2458,53716,2.0
2461,53704,2.0
2462,53704,2.0
2463,53704,2.0
2464,53704,2.0
2465,53597,2.0
2466,53597,2.0
2467,53711,2.0
2468,53711,2.0
2469,53590,2.0
2470,53590,2.0
2471,53716,2.0
2472,53716,2.0
2473,53705,2.0
2474,53711,2.0
2475,53711,2.0
2476,53590,2.0
2477,53590,2.0
2478,53711,2.0
2479,53711,2.0
2480,53597,2.0
2481,53597,2.0
2482,53718,2.0
2483,53718,2.0
2484,53532,2.0
2485,53532,2.0
2486,53561,4.0
2487,53561,4.0
2488,53711,2.0
2489,53711,2.0
2490,53711,2.0
2491,53711,2.0
2492,53094,4.0
2493,53094,4.0
2494,53704,2.0
2495,53704,2.0
2496,53965,4.0
2497,53965,4.0
2498,53714,2.0
2499,53714,2.0
2500,53527,2.0
2501,53597,2.0
2502,53597,2.0
2503,53925,2.0
2504,53925,2.0
2505,53529,2.0
2506,53529,2.0
2507,53717,2.0
2508,53717,2.0
2509,53716,2.0
2510,53716,2.0
2511,53711,2.0
2512,53711,2.0
2513,53565,2.0
2514,53565,2.0
2515,53562,2.0
2516,53562,2.0
2517,53590,2.0
2518,53590,2.0
2519,53711,2.0
2520,53711,2.0
2521,53711,2.0
2522,53711,2.0
2523,53716,2.0
2524,53716,2.0
2527,53711,2.0
2528,53711,2.0
2529,53533,2.0
2530,53533,2.0
2531,53714,2.0
2532,53714,2.0
2533,53711,2.0
2534,53711,2.0
2535,53597,2.0
2536,53597,2.0
2537,53703,2.0
2538,53703,2.0
2539,53593,2.0
2540,53593,2.0
2541,53718,2.0
2542,53718,2.0
2543,53717,2.0
2544,53717,2.0
2545,53531,2.0
2546,53531,2.0
2547,53508,2.0
2548,53508,2.0
2549,61089,4.0
2550,61089,4.0
2551,53718,2.0
2552,53718,2.0
2553,53716,2.0
2554,53716,2.0
2555,53590,2.0
2556,53590,2.0
2557,53508,2.0
2558,53508,2.0
2559,53705,2.0
2560,53705,2.0
2561,53528,2.0
2562,53528,2.0
2563,53716,2.0
2564,53716,2.0
2565,53528,2.0
2566,53528,2.0
2567,53558,2.0
2568,53558,2.0
2569,53590,2.0
2570,53590,2.0
2571,53711,2.0
2572,53711,2.0
2573,53705,2.0
2574,53705,2.0
2575,53572,2.0
2576,53572,2.0
2577,53704,2.0
2578,53704,2.0
2579,53704,2.0
2580,53704,2.0
2581,53517,2.0
2582,53517,2.0
2583,53590,2.0
2584,53590,2.0
2585,53716,2.0
2586,53716,2.0
2587,53719,2.0
2588,53719,2.0
2589,53597,2.0
2590,53508,2.0
2591,53508,2.0
2592,53716,2.0
2593,53716,2.0
2596,53704,2.0
2597,53704,2.0
2598,53719,2.0
2599,53719,2.0
2600,53583,4.0
2601,53583,4.0
2602,53589,2.0
2603,53589,2.0
2604,53713,2.0
2605,53713,2.0
2606,53561,4.0
2607,53561,4.0
2608,53719,2.0
2609,53719,2.0
2610,53562,2.0
2611,53562,2.0
2614,53955,2.0
2615,53955,2.0
2616,53717,2.0
2617,53717,2.0
2618,53590,2.0
2619,53590,2.0
2620,53925,2.0
2621,53925,2.0
2624,53963,4.0
2625,53963,4.0
2626,53570,2.0
2627,53570,2.0
2628,53716,2.0
2629,53716,2.0
2632,53562,2.0
2633,53562,2.0
2634,53704,2.0
2635,53704,2.0
2636,53589,2.0
2637,53589,2.0
2640,53711,2.0
2641,53711,2.0
2642,53719,2.0
2643,53719,2.0
2646,53718,2.0
2647,53718,2.0
2648,53597,2.0
2649,53597,2.0
2650,53717,2.0
2651,53717,2.0
2652,53704,2.0
2653,53704,2.0
2654,53704,2.0
2655,53704,2.0
2660,53590,2.0
2661,53590,2.0
2662,53597,2.0
2663,53597,2.0
2666,53551,4.0
2667,53551,4.0
2670,53959,4.0
2671,53959,4.0
2672,53590,2.0
2673,53590,2.0
2674,53589,2.0
2675,53589,2.0
2676,53705,2.0
2677,53705,2.0
2678,53532,2.0
2679,53532,2.0
2680,53593,2.0
2681,53593,2.0
2682,53718,2.0
2683,53718,2.0
2684,53719,2.0
2685,53719,2.0
2686,53508,2.0
2687,53508,2.0
2688,53532,2.0
2689,53532,2.0
2690,53717,2.0
2691,53717,2.0
2692,53578,4.0
2693,53578,4.0
2694,53719,2.0
2695,53719,2.0
2696,53704,2.0
2697,53704,2.0
2698,53574,2.0
2699,53574,2.0
2700,53590,2.0
2701,53590,2.0
2702,53538,4.0
2703,53538,4.0
2704,53508,2.0
2705,53508,2.0
2706,53532,2.0
2707,53532,2.0
2708,53716,2.0
2709,53716,2.0
2710,53715,2.0
2711,53715,2.0
2712,53590,2.0
2713,53590,2.0
2714,53533,2.0
2715,53533,2.0
2716,53583,4.0
2717,53583,4.0
2718,53718,2.0
2719,53718,2.0
2720,53532,2.0
2721,53532,2.0
2722,53704,2.0
2723,53704,2.0
2724,53562,2.0
2725,53562,2.0
2728,53590,2.0
2729,53590,2.0
2730,53704,2.0
2731,53704,2.0
2732,53590,2.0
2733,53590,2.0
2734,53593,2.0
2735,53593,2.0
2736,53528,2.0
2737,53528,2.0
2738,53718,2.0
2739,53718,2.0
2740,53532,2.0
2741,53532,2.0
2742,53713,2.0
2743,53713,2.0
2744,53713,2.0
2745,53713,2.0
2746,53711,2.0
2747,53711,2.0
2748,53705,2.0
2749,53705,2.0
2750,53718,2.0
2751,53718,2.0
2752,53532,2.0
2753,53532,2.0
2754,53719,2.0
2755,53719,2.0
2756,53711,2.0
2757,53711,2.0
2758,53555,2.0
2759,53555,2.0
2760,53590,2.0
2761,53590,2.0
2762,53593,2.0
2763,53593,2.0
2764,53572,2.0
2765,53572,2.0
2766,53703,2.0
2767,53703,2.0
2768,53598,2.0
2769,53598,2.0
2770,53597,2.0
2771,53597,2.0
2772,53597,2.0
2775,53562,2.0
2776,53562,2.0
2777,53714,2.0
2778,53714,2.0
2779,53538,4.0
2780,53711,2.0
2781,53711,2.0
2782,53562,2.0
2783,53562,2.0
2784,53590,2.0
2785,53590,2.0
2788,53719,2.0
2789,53719,2.0
2790,53562,2.0
2791,53562,2.0
2792,53704,2.0
2793,53704,2.0
2794,53597,2.0
2795,53597,2.0
2796,53590,2.0
2797,53590,2.0
2798,53705,2.0
2799,53705,2.0
2800,53932,2.0
2801,53932,2.0
2802,53718,2.0
2803,53718,2.0
2804,53955,2.0
2805,53955,2.0
2806,53558,2.0
2807,53558,2.0
2808,53711,2.0
2809,53711,2.0
2810,53704,2.0
2811,53704,2.0
2812,53716,2.0
2813,53716,2.0
2814,53716,2.0
2815,53705,2.0
2816,53705,2.0
2819,53532,2.0
2820,53532,2.0
2821,53718,2.0
2822,53718,2.0
2825,53032,4.0
2826,53032,4.0
2827,53598,2.0
2828,53598,2.0
2829,53590,2.0
2830,53590,2.0
2831,53561,4.0
2832,53561,4.0
2833,53714,2.0
2834,53714,2.0
2835,53719,2.0
2836,53719,2.0
2839,53593,2.0
2840,53593,2.0
2841,53575,2.0
2842,53575,2.0
2843,53528,2.0
2844,53528,2.0
2845,53705,2.0
2846,53705,2.0
2847,53718,2.0
2848,53711,2.0
2849,53711,2.0
2850,53575,2.0
2851,53575,2.0
2852,53570,2.0
2853,53570,2.0
2854,53716,2.0
2855,53716,2.0
2856,53532,2.0
2857,53532,2.0
2858,53589,2.0
2859,53589,2.0
2860,53566,2.0
2861,53566,2.0
2862,53916,4.0
2863,53916,4.0
2864,53589,2.0
2865,53589,2.0
2866,53718,2.0
2869,53562,2.0
2870,53562,2.0
2871,53590,2.0
2872,53590,2.0
2873,53533,2.0
2874,53533,2.0
2875,53704,2.0
2876,53704,2.0
2877,53718,2.0
2878,53718,2.0
2879,53959,4.0
2880,53959,4.0
2881,53575,2.0
2882,53575,2.0
2883,53711,2.0
2884,53711,2.0
2885,53718,2.0
2886,53718,2.0
2887,53718,2.0
2888,53718,2.0
2889,53705,2.0
2890,53705,2.0
2891,53715,2.0
2892,53715,2.0
2893,53532,2.0
2894,53532,2.0
2895,53562,2.0
2896,53562,2.0
2897,53955,2.0
2898,53955,2.0
2901,53713,2.0
2902,53713,2.0
2903,53714,2.0
2904,53714,2.0
2905,53597,2.0
2906,53597,2.0
2907,53711,2.0
2908,53711,2.0
2909,53597,2.0
2910,53597,2.0
2911,53590,2.0
2912,53590,2.0
2913,53590,2.0
2914,53590,2.0
2915,53704,2.0
2916,53704,2.0
2917,53716,2.0
2918,53716,2.0
2919,53718,2.0
2920,53575,2.0
2921,53575,2.0
2922,53711,2.0
2923,53711,2.0
2924,53717,2.0
2925,53717,2.0
2926,53562,2.0
2927,53562,2.0
2928,53593,2.0
2929,53593,2.0
2930,53704,2.0
2931,53704,2.0
2932,53562,2.0
2933,53562,2.0
2934,53575,2.0
2935,53575,2.0
2936,53593,2.0
2937,53593,2.0
2938,53705,2.0
2939,53705,2.0
2940,53590,2.0
2941,53590,2.0
2942,53959,4.0
2943,53714,2.0
2944,53714,2.0
2947,53911,2.0
2948,53911,2.0
2949,53562,2.0
2950,53562,2.0
2951,53959,4.0
2952,53593,2.0
2953,53593,2.0
2958,53527,2.0
2959,53711,2.0
2960,53711,2.0
2961,53718,2.0
2962,53718,2.0
2963,53593,2.0
2964,53593,2.0
2965,53703,2.0
2966,53703,2.0
2967,53705,2.0
2968,53705,2.0
2969,53527,2.0
2970,53527,2.0
2973,53925,2.0
2974,53925,2.0
2975,53716,2.0
2976,53716,2.0
2977,53590,2.0
2980,53713,2.0
2981,53713,2.0
2982,53589,2.0
2983,53714,2.0
2984,53714,2.0
2985,53718,2.0
2986,53718,2.0
2987,53717,2.0
2988,53913,4.0
2989,53913,4.0
2992,53704,2.0
2993,53704,2.0
2994,53714,2.0
2995,53714,2.0
2996,53593,2.0
2997,53593,2.0
2998,53925,2.0
2999,53925,2.0
3002,53704,2.0
3003,53704,2.0
3004,53718,2.0
3005,53718,2.0
3008,53711,2.0
3009,53711,2.0
3010,53719,2.0
3011,53719,2.0
3014,53719,2.0
3015,53719,2.0
3016,53590,2.0
3017,53590,2.0
3018,53704,2.0
3019,53704,2.0
3022,53718,2.0
3023,53718,2.0
3024,53704,2.0
3025,53704,2.0
3026,53719,2.0
3027,53719,2.0
3028,53711,2.0
3029,53711,2.0
3030,53562,2.0
3031,53562,2.0
3032,53562,2.0
3033,53925,2.0
3034,53925,2.0
3035,53598,2.0
3036,53598,2.0
3037,53562,2.0
3038,53578,4.0
3039,53578,4.0
3040,53719,2.0
3041,53719,2.0
3042,53711,2.0
3043,53711,2.0
3044,53562,2.0
3045,53562,2.0
3048,53589,2.0
3049,53589,2.0
3050,53558,2.0
3051,53558,2.0
3052,53597,2.0
3053,53597,2.0
3056,53562,2.0
3057,53562,2.0
3058,53705,2.0
3059,53705,2.0
3060,53711,2.0
3061,53711,2.0
3062,53589,2.0
3063,53589,2.0
3064,53718,2.0
3065,53718,2.0
3066,53523,2.0
3067,53523,2.0
3070,53711,2.0
3071,53711,2.0
3072,53716,2.0
3073,53716,2.0
3074,53718,2.0
3075,53718,2.0
3076,53593,2.0
3077,53593,2.0
3078,53711,2.0
3079,53711,2.0
3080,53711,2.0
3081,53711,2.0
3082,53719,2.0
3083,53719,2.0
3084,53713,2.0
3085,53713,2.0
3086,53562,2.0
3087,53562,2.0
3088,53558,2.0
3089,53558,2.0
3090,53718,2.0
3091,53590,2.0
3092,53590,2.0
3093,53528,2.0
3094,53528,2.0
3095,53532,2.0
3096,53532,2.0
3097,53711,2.0
3098,53711,2.0
3099,53941,4.0
3100,53941,4.0
3101,53590,2.0
3102,53590,2.0
3103,53704,2.0
3104,53704,2.0
3105,53593,2.0
3106,53593,2.0
3107,53711,2.0
3108,53711,2.0
3111,53562,2.0
3112,53562,2.0
3113,53572,2.0
3114,53572,2.0
3115,53593,2.0
3116,53593,2.0
3117,53711,2.0
3118,53711,2.0
3119,53719,2.0
3120,53719,2.0
3121,53575,2.0
3122,53575,2.0
3123,53532,2.0
3124,53532,2.0
3127,53527,2.0
3128,53527,2.0
3129,53531,2.0
3130,53531,2.0
3131,53593,2.0
3132,53593,2.0
3133,53527,2.0
3134,53527,2.0
3135,53593,2.0
3136,53593,2.0
3137,53716,2.0
3138,53716,2.0
3139,53575,2.0
3140,53575,2.0
3141,53716,2.0
3142,53716,2.0
3145,53588,4.0
3146,53588,4.0
3149,53714,2.0
3150,53714,2.0
3151,53711,2.0
3152,53711,2.0
3153,53562,2.0
3154,53562,2.0
3155,53719,2.0
3156,53719,2.0
3157,53703,2.0
3158,53703,2.0
3159,53705,2.0
3160,53705,2.0
3161,53704,2.0
3162,53704,2.0
3163,53555,2.0
3164,53555,2.0
3165,53714,2.0
3166,53714,2.0
3167,53528,2.0
3168,53528,2.0
3169,53551,4.0
3170,53551,4.0
3171,53703,2.0
3172,53703,2.0
3173,53598,2.0
3174,53598,2.0
3175,53574,2.0
3176,53574,2.0
3177,53590,2.0
3178,53590,2.0
3179,53704,2.0
3180,53704,2.0
3185,53713,2.0
3186,53713,2.0
3187,53560,2.0
3188,53560,2.0
3189,53704,2.0
3190,53704,2.0
3191,53538,4.0
3192,53538,4.0
3193,53719,2.0
3194,53719,2.0
3195,53575,2.0
3196,53575,2.0
3197,53520,2.0
3198,53520,2.0
3201,53714,2.0
3202,53714,2.0
3203,53704,2.0
3204,53704,2.0
3207,53716,2.0
3208,53716,2.0
3211,53562,2.0
3212,53562,2.0
3213,53523,2.0
3214,53523,2.0
3215,53714,2.0
3216,53714,2.0
3217,53716,2.0
3218,53716,2.0
3219,53532,2.0
3220,53532,2.0
3221,53718,2.0
3222,53718,2.0
3223,53717,2.0
3224,53717,2.0
3225,53558,2.0
3226,53558,2.0
3227,53705,2.0
3228,53705,2.0
3229,53528,2.0
3230,53528,2.0
3231,53719,2.0
3232,53719,2.0
3235,53551,4.0
3236,53551,4.0
3237,53704,2.0
3238,53704,2.0
3239,53711,2.0
3240,53711,2.0
3241,53714,2.0
3242,53714,2.0
3243,53593,2.0
3244,53593,2.0
3245,53523,2.0
3246,53523,2.0
3247,53508,2.0
3248,53508,2.0
3249,53705,2.0
3250,53705,2.0
3251,53719,2.0
3252,53719,2.0
3253,53714,2.0
3254,53714,2.0
3255,53716,2.0
3256,53913,4.0
3257,53913,4.0
3258,53558,2.0
3259,53558,2.0
3260,53705,2.0
3261,53705,2.0
3262,53558,2.0
3263,53558,2.0
3264,53590,2.0
3265,53590,2.0
3266,53562,2.0
3267,53562,2.0
3268,53715,2.0
3269,53715,2.0
3270,53717,2.0
3271,53717,2.0
3272,53711,2.0
3273,53711,2.0
3274,53714,2.0
3275,53714,2.0
3278,53717,2.0
3279,53717,2.0
3280,53594,4.0
3281,53594,4.0
3282,53532,2.0
3283,53532,2.0
3284,53590,2.0
3285,53590,2.0
3286,53717,2.0
3287,53717,2.0
3288,53527,2.0
3289,53527,2.0
3290,53558,2.0
3291,53558,2.0
3292,53955,2.0
3293,53955,2.0
3294,53704,2.0
3295,53704,2.0
3296,53559,2.0
3297,53559,2.0
3298,53704,2.0
3299,53704,2.0
3302,53704,2.0
3303,53704,2.0
3304,53583,4.0
3305,53583,4.0
3306,53589,2.0
3307,53589,2.0
3308,53532,2.0
3309,53532,2.0
3310,53593,2.0
3311,53593,2.0
3314,53711,2.0
3315,53711,2.0
3316,53593,2.0
3317,53593,2.0
3318,53925,2.0
3319,53925,2.0
3320,53704,2.0
3321,53590,2.0
3322,53590,2.0
3323,53593,2.0
3324,53593,2.0
3325,53593,2.0
3326,53593,2.0
3327,53711,2.0
3328,53711,2.0
3329,53719,2.0
3330,53719,2.0
3331,53718,2.0
3332,53718,2.0
3333,53532,2.0
3334,53532,2.0
3335,53704,2.0
3336,53704,2.0
3337,53593,2.0
3338,53593,2.0
3339,53590,2.0
3340,53590,2.0
3341,53704,2.0
3342,53704,2.0
3345,53703,2.0
3346,53703,2.0
3349,53704,2.0
3350,53704,2.0
3351,53711,2.0
3352,53711,2.0
3353,53538,4.0
3354,53538,4.0
3355,53565,2.0
3356,53565,2.0
3357,53590,2.0
3358,53590,2.0
3359,53719,2.0
3360,53719,2.0
3361,53711,2.0
3362,53711,2.0
3363,53726,2.0
3364,53726,2.0
3365,53715,2.0
3366,53715,2.0
3367,53711,2.0
3368,53711,2.0
3369,53711,2.0
3372,53718,2.0
3373,53718,2.0
3374,53719,2.0
3375,53719,2.0
3376,53705,2.0
3377,53705,2.0
3378,53704,2.0
3379,53704,2.0
3380,53719,2.0
3381,53719,2.0
3382,53589,2.0
3383,53589,2.0
3384,53901,2.0
3385,53901,2.0
3386,53527,2.0
3387,53527,2.0
3388,53562,2.0
3389,53562,2.0
3390,53711,2.0
3391,53711,2.0
3392,53714,2.0
3393,53714,2.0
3394,53562,2.0
3395,53562,2.0
3396,53718,2.0
3397,53718,2.0
3398,53507,2.0
3399,53507,2.0
3402,53190,4.0
3403,53190,4.0
3404,53527,2.0
3405,53527,2.0
3406,53711,2.0
3407,53711,2.0
3408,53522,2.0
3409,53522,2.0
3410,53555,2.0
3411,53555,2.0
3412,53711,2.0
3413,53711,2.0
3414,53597,2.0
3415,53597,2.0
3416,53714,2.0
3417,53714,2.0
3418,53711,2.0
3419,53711,2.0
3420,53717,2.0
3421,53717,2.0
3426,53558,2.0
3427,53558,2.0
3428,53575,2.0
3429,53575,2.0
3430,53562,2.0
3431,53562,2.0
3432,53954,2.0
3433,53954,2.0
3434,53562,2.0
3435,53562,2.0
3436,53718,2.0
3437,53718,2.0
3438,53562,2.0
3439,53562,2.0
3440,53711,2.0
3441,53711,2.0
3442,53538,4.0
3443,53538,4.0
3444,53719,2.0
3445,53719,2.0
3446,53562,2.0
3447,53562,2.0
3448,53593,2.0
3449,53593,2.0
3450,53718,2.0
3451,53718,2.0
3452,53705,2.0
3453,53705,2.0
3456,53558,2.0
3457,53558,2.0
3460,53704,2.0
3461,53704,2.0
3464,53533,2.0
3465,53533,2.0
3466,53521,2.0
3467,53521,2.0
3468,53562,2.0
3469,53562,2.0
3470,53704,2.0
3471,53704,2.0
3472,53590,2.0
3473,53590,2.0
3474,53531,2.0
3475,53531,2.0
3476,53557,4.0
3477,53557,4.0
3478,53562,2.0
3479,53562,2.0
3480,53502,2.0
3481,53502,2.0
3482,53590,2.0
3483,53590,2.0
3484,53562,2.0
3485,53562,2.0
3486,53589,2.0
3487,53589,2.0
3488,53562,2.0
3489,53562,2.0
3490,53941,4.0
3491,53941,4.0
3494,53955,2.0
3495,53955,2.0
3498,53565,2.0
3499,53565,2.0
3500,53562,2.0
3501,53562,2.0
3502,53704,2.0
3503,53704,2.0
3504,53704,2.0
3505,53704,2.0
3506,53719,2.0
3507,53719,2.0
3508,53589,2.0
3509,53589,2.0
3510,53714,2.0
3511,53714,2.0
3514,53590,2.0
3515,53590,2.0
3516,53705,2.0
3517,53705,2.0
3518,53551,4.0
3519,53551,4.0
3522,53719,2.0
3523,53719,2.0
3524,53538,4.0
3525,53538,4.0
3532,53714,2.0
3533,53714,2.0
3534,53593,2.0
3535,53593,2.0
3536,53527,2.0
3537,53527,2.0
3538,53560,2.0
3539,53560,2.0
3540,53590,2.0
3541,53590,2.0
3544,53533,2.0
3545,53533,2.0
3546,53549,4.0
3547,53549,4.0
3548,53590,2.0
3549,53590,2.0
3552,53575,2.0
3553,53575,2.0
3554,53522,2.0
3555,53705,2.0
3556,53705,2.0
3557,53597,2.0
3558,53597,2.0
3559,53590,2.0
3560,53590,2.0
3561,53529,2.0
3562,53529,2.0
3563,53716,2.0
3564,53716,2.0
3565,53713,2.0
3566,53575,2.0
3567,53575,2.0
3568,53531,2.0
3569,53531,2.0
3570,53703,2.0
3571,53703,2.0
3574,53711,2.0
3575,53711,2.0
3576,53719,2.0
3577,53719,2.0
3578,53589,2.0
3579,53589,2.0
3580,53925,2.0
3581,53925,2.0
3582,53711,2.0
3583,53711,2.0
3584,53590,2.0
3585,53590,2.0
3586,53538,4.0
3587,53538,4.0
3588,53959,4.0
3589,53959,4.0
3590,53705,2.0
3591,53705,2.0
3592,53717,2.0
3593,53717,2.0
3594,53704,2.0
3595,53704,2.0
3596,53558,2.0
3597,53558,2.0
3598,53716,2.0
3599,53716,2.0
3600,53711,2.0
3601,53711,2.0
3604,53575,2.0
3605,53575,2.0
3606,53716,2.0
3607,53716,2.0
3608,53597,2.0
3609,53597,2.0
3610,53717,2.0
3611,53717,2.0
3612,53589,2.0
3613,53589,2.0
3614,53575,2.0
3615,53575,2.0
3616,53575,2.0
3617,53575,2.0
3618,53562,2.0
3619,53562,2.0
3620,53562,2.0
3621,53562,2.0
3622,53590,2.0
3623,53590,2.0
3624,53533,2.0
3625,53533,2.0
3626,53711,2.0
3627,53711,2.0
3628,53711,2.0
3629,53711,2.0
3630,53575,2.0
3631,53575,2.0
3632,53704,2.0
3633,53704,2.0
3634,53718,2.0
3635,53718,2.0
3636,53597,2.0
3637,53597,2.0
3638,53583,4.0
3639,53583,4.0
3640,53711,2.0
3641,53711,2.0
3642,53570,2.0
3643,53570,2.0
3644,53704,2.0
3645,53704,2.0
3646,53717,2.0
3647,53717,2.0
3648,53711,2.0
3649,53711,2.0
3650,53531,2.0
3651,53531,2.0
3652,53575,2.0
3653,53575,2.0
3654,53583,4.0
3655,53583,4.0
3656,53597,2.0
3657,53597,2.0
3658,53593,2.0
3659,53593,2.0
3662,53593,2.0
3663,53593,2.0
3664,53558,2.0
3665,53558,2.0
3666,53719,2.0
3667,53719,2.0
3668,53559,2.0
3669,53559,2.0
3670,53955,2.0
3671,53955,2.0
3672,53562,2.0
3673,53562,2.0
3674,53562,2.0
3675,53705,2.0
3676,53705,2.0
3677,53718,2.0
3678,53718,2.0
3679,53532,2.0
3680,53532,2.0
3681,53718,2.0
3682,53718,2.0
3683,53562,2.0
3684,53562,2.0
3685,53590,2.0
3686,53590,2.0
3687,53532,2.0
3688,53532,2.0
3689,53590,2.0
3690,53590,2.0
3693,53562,2.0
3694,53714,2.0
3695,53714,2.0
3696,53714,2.0
3697,53714,2.0
3698,53597,2.0
3699,53597,2.0
3700,53717,2.0
3701,53717,2.0
3702,53913,4.0
3703,53913,4.0
3704,53597,2.0
3705,53597,2.0
3708,53711,2.0
3709,53711,2.0
3710,53593,2.0
3711,53593,2.0
3712,53704,2.0
3713,53704,2.0
3714,53566,2.0
3715,53566,2.0
3716,53575,2.0
3717,53575,2.0
3718,53717,2.0
3719,53717,2.0
3720,53572,2.0
3721,53572,2.0
3722,53508,2.0
3723,53508,2.0
3724,53718,2.0
3725,53718,2.0
3732,53562,2.0
3733,53562,2.0
3734,53572,2.0
3735,53572,2.0
3736,53590,2.0
3737,53590,2.0
3738,53523,2.0
3739,53523,2.0
3740,53590,2.0
3741,53590,2.0
3742,53711,2.0
3743,53711,2.0
3744,53593,2.0
3745,53593,2.0
3746,53913,4.0
3747,53913,4.0
3748,53717,2.0
3749,53717,2.0
3758,53532,2.0
3759,53532,2.0
3760,53711,2.0
3761,53711,2.0
3764,53711,2.0
3765,53711,2.0
3766,53562,2.0
3767,53562,2.0
3768,53590,2.0
3769,53590,2.0
3770,53589,2.0
3771,53589,2.0
3774,53597,2.0
3775,53597,2.0
3776,53719,2.0
3777,53719,2.0
3778,53711,2.0
3779,53711,2.0
3780,53711,2.0
3781,53711,2.0
3782,53726,2.0
3783,53726,2.0
3784,53589,2.0
3785,53589,2.0
3786,53716,2.0
3787,53716,2.0
3788,53719,2.0
3789,53719,2.0
3790,53597,2.0
3791,53597,2.0
3792,53593,2.0
3793,53593,2.0
3794,53726,2.0
3795,53726,2.0
3796,53508,2.0
3797,53508,2.0
3798,53711,2.0
3799,53711,2.0
3800,53558,2.0
3801,53558,2.0
3802,53590,2.0
3803,53590,2.0
3804,53925,2.0
3805,53925,2.0
3806,53562,2.0
3807,53562,2.0
3808,53575,2.0
3809,53575,2.0
3810,53713,2.0
3811,53713,2.0
3812,53532,2.0
3813,53532,2.0
3814,53590,2.0
3815,53590,2.0
3816,53705,2.0
3817,53705,2.0
3818,53711,2.0
3819,53711,2.0
3820,53523,2.0
3821,53523,2.0
3822,53711,2.0
3823,53711,2.0
3824,53532,2.0
3825,53532,2.0
3826,53718,2.0
3827,53718,2.0
3828,53593,2.0
3829,53593,2.0
3830,53716,2.0
3831,53716,2.0
3832,53714,2.0
3833,53714,2.0
3834,53718,2.0
3835,53718,2.0
3838,53704,2.0
3839,53704,2.0
3840,53590,2.0
3841,53590,2.0
3842,53590,2.0
3843,53570,2.0
3844,53570,2.0
3845,53590,2.0
3846,53590,2.0
3847,53562,2.0
3848,53562,2.0
3849,53575,2.0
3850,53575,2.0
3851,53562,2.0
3852,53562,2.0
3853,53558,2.0
3854,53558,2.0
3855,53551,4.0
3856,53551,4.0
3857,53562,2.0
3858,53562,2.0
3861,53705,2.0
3862,53705,2.0
3863,53932,2.0
3864,53932,2.0
3865,53719,2.0
3866,53719,2.0
3869,53590,2.0
3870,53590,2.0
3871,53717,2.0
3872,53717,2.0
3873,53532,2.0
3874,53532,2.0
3875,53520,2.0
3876,53520,2.0
3877,53508,2.0
3878,53508,2.0
3879,53593,2.0
3880,53593,2.0
3881,53704,2.0
3882,53704,2.0
3883,53959,4.0
3884,53959,4.0
3887,53726,2.0
3888,53726,2.0
3889,53718,2.0
3890,53718,2.0
3891,53590,2.0
3892,53590,2.0
3895,53718,2.0
3896,53718,2.0
3897,53718,2.0
3898,53718,2.0
3899,53704,2.0
3900,53704,2.0
3901,53711,2.0
3902,53711,2.0
3903,53572,2.0
3904,53572,2.0
3907,53558,2.0
3908,53558,2.0
3909,53955,2.0
3910,53955,2.0
3911,53562,2.0
3912,53562,2.0
3913,53718,2.0
3914,53718,2.0
3915,53565,2.0
3916,53562,2.0
3917,53562,2.0
3918,53925,2.0
3919,53925,2.0
3920,53925,2.0
3921,53590,2.0
3922,53590,2.0
3923,53716,2.0
3924,53716,2.0
3925,53718,2.0
3926,53718,2.0
3927,53713,2.0
3928,53713,2.0
3929,53597,2.0
3930,53597,2.0
3931,53590,2.0
3932,53590,2.0
3933,53711,2.0
3934,53711,2.0
3935,53711,2.0
3936,53711,2.0
3937,53719,2.0
3938,53719,2.0
3939,53551,4.0
3940,53551,4.0
3941,53527,2.0
3942,53527,2.0
3943,53583,4.0
3944,53583,4.0
3945,53558,2.0
3946,53558,2.0
3947,53704,2.0
3948,53704,2.0
3949,53718,2.0
3950,53718,2.0
3951,53593,2.0
3952,53704,2.0
3953,53704,2.0
3954,53711,2.0
3955,53711,2.0
3956,53719,2.0
3957,53719,2.0
3958,53705,2.0
3959,53705,2.0
3960,53704,2.0
3961,53704,2.0
3962,53704,2.0
3963,53560,2.0
3964,53560,2.0
3967,53562,2.0
3968,53562,2.0
3969,53562,2.0
3970,53562,2.0
3971,53717,2.0
3972,53717,2.0
3973,53955,2.0
3974,53955,2.0
3975,53711,2.0
3976,53711,2.0
3977,53719,2.0
3978,53719,2.0
3979,53704,2.0
3980,53704,2.0
3981,53711,2.0
3982,53711,2.0
3983,53717,2.0
3984,53717,2.0
3987,53589,2.0
3988,53589,2.0
3989,53593,2.0
3990,53593,2.0
3991,53714,2.0
3992,53714,2.0
3993,53705,2.0
3994,53705,2.0
3995,53717,2.0
3996,53717,2.0
3997,53714,2.0
3998,53714,2.0
3999,53704,2.0
4000,53704,2.0
4001,53575,2.0
4002,53575,2.0
4003,53559,2.0
4004,53559,2.0
4005,53597,2.0
4006,53597,2.0
4007,53704,2.0
4008,53704,2.0
4009,53503,2.0
4010,53714,2.0
4011,53714,2.0
4012,53565,2.0
4013,53711,2.0
4014,53711,2.0
4015,53704,2.0
4016,53717,2.0
4017,53717,2.0
4018,53705,2.0
4019,53705,2.0
4020,53593,2.0
4021,53593,2.0
4024,53589,2.0
4025,53589,2.0
4026,53704,2.0
4027,53704,2.0
4028,53589,2.0
4029,53589,2.0
4030,53575,2.0
4031,53575,2.0
4032,53590,2.0
4033,53590,2.0
4034,53531,2.0
4035,53531,2.0
4036,53718,2.0
4037,53718,2.0
4038,53520,2.0
4039,53520,2.0
4040,53590,2.0
4041,53590,2.0
4042,53717,2.0
4043,53705,2.0
4044,53705,2.0
4047,53711,2.0
4048,53711,2.0
4049,53717,2.0
4050,53717,2.0
4051,53583,4.0
4052,53583,4.0
4053,53562,2.0
4054,53562,2.0
4055,53562,2.0
4056,53562,2.0
4057,53532,2.0
4058,53532,2.0
4059,53575,2.0
4060,53575,2.0
4061,53705,2.0
4062,53705,2.0
4063,53718,2.0
4064,53718,2.0
4067,53562,2.0
4068,53562,2.0
4071,53523,2.0
4072,53523,2.0
4075,53589,2.0
4076,53589,2.0
4077,53572,2.0
4078,53572,2.0
4079,53589,2.0
4080,53589,2.0
4083,53717,2.0
4084,53717,2.0
4085,53705,2.0
4086,53705,2.0
4087,53589,2.0
4088,53705,2.0
4089,53705,2.0
4090,53711,2.0
4091,53711,2.0
4092,53575,2.0
4093,53575,2.0
4094,53558,2.0
4095,53558,2.0
4096,53717,2.0
4097,53717,2.0
4098,53717,2.0
4099,53717,2.0
4100,53507,2.0
4101,53507,2.0
4102,53590,2.0
4103,53590,2.0
4104,53704,2.0
4105,53704,2.0
4106,53555,2.0
4107,53555,2.0
4108,53704,2.0
4109,53704,2.0
4110,53528,2.0
4111,53528,2.0
4112,53589,2.0
4113,53589,2.0
4114,53714,2.0
4115,53714,2.0
4116,53531,2.0
4117,53531,2.0
4118,53718,2.0
4119,53718,2.0
4122,53711,2.0
4123,53711,2.0
4124,53527,2.0
4125,53527,2.0
4126,53717,2.0
4127,53719,2.0
4128,53719,2.0
4129,53719,2.0
4130,53719,2.0
4133,53704,2.0
4134,53704,2.0
4135,53704,2.0
4136,53704,2.0
4137,53925,2.0
4138,53925,2.0
4139,53704,2.0
4140,53704,2.0
4141,53593,2.0
4142,53593,2.0
4143,53719,2.0
4144,53719,2.0
4145,53529,2.0
4146,53529,2.0
4147,53589,2.0
4148,53589,2.0
4151,53711,2.0
4152,53711,2.0
4155,53562,2.0
4156,53562,2.0
4157,53532,2.0
4158,53532,2.0
4159,53719,2.0
4160,53719,2.0
4161,53597,2.0
4162,53597,2.0
4163,53715,2.0
4164,53715,2.0
4165,53562,2.0
4166,53562,2.0
4167,53590,2.0
4168,53590,2.0
4169,53532,2.0
4170,53532,2.0
4171,53717,2.0
4172,53717,2.0
4173,53590,2.0
4174,53590,2.0
4175,53533,2.0
4176,53533,2.0
4177,53558,2.0
4178,53558,2.0
4179,53593,2.0
4180,53593,2.0
4181,53515,2.0
4182,53515,2.0
4183,53705,2.0
4184,53705,2.0
4185,53925,2.0
4186,53925,2.0
4189,53932,2.0
4190,53932,2.0
4191,53719,2.0
4192,53719,2.0
4193,53704,2.0
4194,53704,2.0
4195,53532,2.0
4196,53532,2.0
4197,53715,2.0
4198,53715,2.0
4199,53714,2.0
4200,53714,2.0
4201,53590,2.0
4202,53590,2.0
4203,53593,2.0
4204,53593,2.0
4205,53590,2.0
4206,53590,2.0
4207,54313,2.0
4208,54313,2.0
4209,53703,2.0
4210,53703,2.0
4211,53704,2.0
4212,53704,2.0
4213,53597,2.0
4214,53597,2.0
4215,53523,2.0
4216,53523,2.0
4217,53590,2.0
4218,53590,2.0
4219,53589,2.0
4220,53589,2.0
4221,53711,2.0
4222,53711,2.0
4223,53515,2.0
4224,53515,2.0
4225,53705,2.0
4226,53705,2.0
4227,53527,2.0
4228,53527,2.0
4229,53562,2.0
4230,53562,2.0
4231,53590,2.0
4232,53590,2.0
4233,53717,2.0
4234,53717,2.0
4235,53715,2.0
4236,53715,2.0
4237,53521,2.0
4238,53521,2.0
4239,53590,2.0
4240,53590,2.0
4243,53705,2.0
4244,53705,2.0
4245,53719,2.0
4246,53719,2.0
4247,53704,2.0
4248,53704,2.0
4249,53593,2.0
4250,53593,2.0
4251,53572,2.0
4252,53572,2.0
4253,53562,2.0
4254,53562,2.0
4255,53716,2.0
4256,53716,2.0
4257,53718,2.0
4258,53718,2.0
4259,53575,2.0
4260,53575,2.0
4261,53523,2.0
4262,53523,2.0
4263,53597,2.0
4264,53597,2.0
4265,53711,2.0
4266,53711,2.0
4267,53959,4.0
4268,53959,4.0
4273,53711,2.0
4274,53711,2.0
4275,53590,2.0
4276,53590,2.0
4277,53527,2.0
4278,53527,2.0
4279,53562,2.0
4280,53562,2.0
4281,53562,2.0
4282,53562,2.0
4285,53593,2.0
4286,53593,2.0
4289,53704,2.0
4290,53704,2.0
4291,53703,2.0
4292,53703,2.0
4293,53532,2.0
4294,53532,2.0
4295,53716,2.0
4296,53716,2.0
4297,53715,2.0
4298,53590,2.0
4299,53716,2.0
4300,53716,2.0
4301,53527,2.0
4302,53527,2.0
4303,53719,2.0
4304,53719,2.0
4305,53705,2.0
4306,53705,2.0
4307,53558,2.0
4308,53558,2.0
4309,53716,2.0
4310,53532,2.0
4311,53532,2.0
4314,53572,2.0
4315,53572,2.0
4318,53716,2.0
4319,53716,2.0
4320,53590,2.0
4321,53590,2.0
4322,53562,2.0
4323,53562,2.0
4326,53703,2.0
4327,53703,2.0
4328,53578,4.0
4329,53578,4.0
4330,53711,2.0
4331,53711,2.0
4334,53711,2.0
4335,53711,2.0
4336,53597,2.0
4337,53597,2.0
4338,53528,2.0
4339,53528,2.0
4340,53703,2.0
4341,53703,2.0
4342,53705,2.0
4343,53705,2.0
4344,53705,2.0
4345,53705,2.0
4346,53711,2.0
4347,53566,2.0
4348,53566,2.0
4349,53531,2.0
4350,53531,2.0
4351,53590,2.0
4352,53590,2.0
4353,53589,2.0
4354,53589,2.0
4355,53717,2.0
4356,53717,2.0
4357,53558,2.0
4358,53558,2.0
4359,53711,2.0
4360,53711,2.0
4361,53718,2.0
4362,53718,2.0
4363,53901,2.0
4364,53901,2.0
4365,53719,2.0
4366,53719,2.0
4367,53562,2.0
4368,53562,2.0
4371,53590,2.0
4372,53590,2.0
4373,53711,2.0
4374,53711,2.0
4375,53532,2.0
4376,53532,2.0
4377,53704,2.0
4378,53704,2.0
4379,53590,2.0
4380,53590,2.0
4381,53960,2.0
4382,53960,2.0
4383,53714,2.0
4384,53593,2.0
4385,53593,2.0
4386,53593,2.0
4387,53593,2.0
4388,53711,2.0
4389,53711,2.0
4390,53705,2.0
4391,53705,2.0
4392,53711,2.0
4393,53711,2.0
4394,53705,2.0
4395,53705,2.0
4396,53965,4.0
4397,53965,4.0
4398,53705,2.0
4399,53705,2.0
4400,53590,2.0
4401,53590,2.0
4402,53532,2.0
4403,53532,2.0
4404,53523,2.0
4405,53523,2.0
4406,53705,2.0
4407,53705,2.0
4408,53590,2.0
4409,53590,2.0
4410,53717,2.0
4411,53717,2.0
4412,53572,2.0
4413,53572,2.0
4414,53558,2.0
4415,53558,2.0
4418,53558,2.0
4419,53558,2.0
4420,53590,2.0
4421,53590,2.0
4422,53719,2.0
4423,53719,2.0
4424,53718,2.0
4425,53718,2.0
4428,53520,2.0
4429,53520,2.0
4430,53703,2.0
4431,53703,2.0
4432,53572,2.0
4433,53572,2.0
4434,53590,2.0
4435,53590,2.0
4436,53711,2.0
4437,53711,2.0
4438,53593,2.0
4439,53593,2.0
4440,53590,2.0
4441,53590,2.0
4442,53590,2.0
4443,53590,2.0
4444,53913,4.0
4445,53913,4.0
4446,53716,2.0
4447,53716,2.0
4450,53593,2.0
4451,53593,2.0
4452,53558,2.0
4453,53558,2.0
4454,53703,2.0
4455,53703,2.0
4456,53703,2.0
4457,53703,2.0
4458,53711,2.0
4459,53711,2.0
4460,53716,2.0
4461,53716,2.0
4462,53507,2.0
4463,53507,2.0
4464,53590,2.0
4465,53590,2.0
4466,53711,2.0
4467,53711,2.0
4469,53716,2.0
4470,53716,2.0
4471,53558,2.0
4472,53558,2.0
4473,53716,2.0
4474,53716,2.0
4475,53705,2.0
4476,53705,2.0
4477,53716,2.0
4478,53716,2.0
4479,53965,4.0
4480,53965,4.0
4485,53590,2.0
4486,53590,2.0
4489,53715,2.0
4490,53715,2.0
4495,53718,2.0
4496,53718,2.0
4497,53716,2.0
4498,53716,2.0
4499,53562,2.0
4500,53562,2.0
4501,53716,2.0
4502,53716,2.0
4503,53562,2.0
4506,53558,2.0
4507,53558,2.0
4508,53714,2.0
4509,53714,2.0
4510,53726,2.0
4511,53726,2.0
4512,53597,2.0
4513,53597,2.0
4514,53589,2.0
4515,53703,2.0
4516,53703,2.0
4517,53703,2.0
4518,53705,2.0
4519,53593,2.0
4520,53517,2.0
4521,53555,2.0
4522,53562,2.0
4525,53590,2.0
4526,53590,2.0
4527,53590,2.0
4528,53528,2.0
4529,53718,2.0
4530,53527,2.0
4533,53719,2.0
4534,53528,2.0
4535,53507,2.0
4536,53562,2.0
4537,53521,2.0
4538,53529,2.0
4539,53532,2.0
4540,53719,2.0
4541,53703,2.0
4543,53956,4.0
4544,53705,2.0
4545,53704,2.0
4546,53590,2.0
4547,53911,2.0
4548,53590,2.0
4549,53562,2.0
4550,53719,2.0
4551,53562,2.0
4552,53705,2.0
4553,53593,2.0
4554,53562,2.0
4555,53571,2.0
4557,53593,2.0
4558,53704,2.0
4559,53559,2.0
4560,53711,2.0
4561,53593,2.0
4562,53711,2.0
4565,53716,2.0
4566,53590,2.0
4567,53703,2.0
4568,53713,2.0
4569,53711,2.0
4570,53719,2.0
4571,53711,2.0
4573,53716,2.0
4574,53589,2.0
4575,53714,2.0
4576,53562,2.0
4577,53718,2.0
4578,53593,2.0
4581,53716,2.0
4582,53717,2.0
4583,53705,2.0
4584,53705,2.0
4586,53590,2.0
4587,53562,2.0
4588,53704,2.0
4589,53705,2.0
4590,53719,2.0
4591,53726,2.0
4592,53562,2.0
4593,53711,2.0
4594,53597,2.0
4595,53711,2.0
4596,53705,2.0
4598,53714,2.0
4599,53520,2.0
4600,53711,2.0
4601,53717,2.0
4602,53705,2.0
4603,53523,2.0
4604,53704,2.0
4606,53572,2.0
4608,53577,4.0
4609,53705,2.0
4610,53711,2.0
4611,53719,2.0
4612,53713,2.0
4613,53147,4.0
4614,53589,2.0
4615,53578,4.0
4616,53717,2.0
4617,53719,2.0
4618,53521,2.0
4619,53039,4.0
4620,53562,2.0
4621,53717,2.0
4622,53711,2.0
4623,53718,2.0
4624,53711,2.0
4625,53589,2.0
4626,53711,2.0
4627,53719,2.0
4628,53719,2.0
4629,53705,2.0
4630,53719,2.0
4633,53532,2.0
4634,53590,2.0
4635,37415,2.0
4637,53718,2.0
4638,53705,2.0
4639,53589,2.0
4640,53590,2.0
4641,53718,2.0
4642,53718,2.0
4643,53589,2.0
4644,53562,2.0
4645,53502,2.0
4646,53597,2.0
4647,53711,2.0
4648,53719,2.0
4649,53532,2.0
4650,53719,2.0
4651,53719,2.0
4652,53562,2.0
4653,53711,2.0
4654,53588,4.0
4655,53590,2.0
4656,53589,2.0
4657,53711,2.0
4658,53704,2.0
4659,53717,2.0
4660,53718,2.0
4661,53713,2.0
4662,53704,2.0
4663,53719,2.0
4664,53714,2.0
4665,53521,2.0
4666,53713,2.0
4668,53705,2.0
4669,53705,2.0
4670,53913,4.0
4671,53583,4.0
4672,53901,2.0
4673,53597,2.0
4674,53704,2.0
4675,53555,2.0
4677,53703,2.0
4678,53711,2.0
4680,53597,2.0
4681,53594,4.0
4682,53719,2.0
4683,53590,2.0
4684,53704,2.0
4685,53704,2.0
4686,53593,2.0
4688,53705,2.0
4689,53717,2.0
4690,53590,2.0
4691,53590,2.0
4692,53726,2.0
4693,53562,2.0
4694,53705,2.0
4695,53562,2.0
4697,53593,2.0
4698,53590,2.0
4699,53913,4.0
4702,53593,2.0
4703,53705,2.0
4705,53593,2.0
4706,53913,4.0
4708,53704,2.0
4710,53716,2.0
4711,53718,2.0
4712,53955,2.0
4713,53593,2.0
4714,53711,2.0
4715,53558,2.0
4716,53094,4.0
4717,53711,2.0
4718,53718,2.0
4719,53711,2.0
4720,53532,2.0
4721,53589,2.0
4722,53589,2.0
4723,53711,2.0
4724,53705,2.0
4725,53717,2.0
4727,53704,2.0
4728,53704,2.0
4729,53597,2.0
4730,53593,2.0
4731,53705,2.0
4732,53704,2.0
4733,53572,2.0
4734,53590,2.0
4735,53538,4.0
4736,53726,2.0
4738,53593,2.0
4739,53718,2.0
4740,53572,2.0
4741,53566,2.0
4742,53597,2.0
4743,53589,2.0
4744,53715,2.0
4745,53562,2.0
4746,53559,2.0
4747,53589,2.0
4749,53575,2.0
4750,53716,2.0
4751,53711,2.0
4752,53562,2.0
4753,53562,2.0
4754,53558,2.0
4756,53533,2.0
4757,53532,2.0
4758,53590,2.0
4759,53719,2.0
4760,53590,2.0
4761,53562,2.0
4764,53558,2.0
4765,53575,2.0
4766,53719,2.0
4768,53717,2.0
4769,53719,2.0
4770,53726,2.0
4771,53717,2.0
4772,53575,2.0
4773,53714,2.0
4775,53593,2.0
4776,53572,2.0
4777,53590,2.0
4778,53704,2.0
4779,53716,2.0
4780,53704,2.0
4781,53714,2.0
4782,53718,2.0
4783,53956,4.0
4785,53713,2.0
4786,53597,2.0
4787,53711,2.0
4788,53923,2.0
4789,53711,2.0
4790,53517,2.0
4791,53719,2.0
4792,53705,2.0
4793,53705,2.0
4794,53711,2.0
4795,53588,4.0
4796,53562,2.0
4797,53532,2.0
4798,53531,2.0
4799,53532,2.0
4800,53703,2.0
4801,53590,2.0
4802,53726,2.0
4804,53711,2.0
4805,53590,2.0
4806,53714,2.0
4807,53714,2.0
4808,53589,2.0
4809,53704,2.0
4810,53590,2.0
4811,53574,2.0
4812,53562,2.0
4813,53562,2.0
4815,53527,2.0
4816,53715,2.0
4817,53714,2.0
4818,53916,4.0
4819,53589,2.0
4820,53913,4.0
4821,53593,2.0
4822,53593,2.0
4823,53597,2.0
4824,53597,2.0
4825,53965,4.0
4826,53590,2.0
4827,53589,2.0
4828,53588,4.0
4829,53588,4.0
4830,53593,2.0
4831,53039,4.0
4832,53503,2.0
4833,53589,2.0
4834,53965,4.0
4835,53582,2.0
4836,53531,2.0
4837,53590,2.0
4838,53527,2.0
4839,53578,4.0
4840,53718,2.0
4841,53590,2.0
4842,53719,2.0
4843,53593,2.0
4844,53925,2.0
4845,53590,2.0
4846,53532,2.0
4847,53523,2.0
4848,53705,2.0
4849,53716,2.0
4850,53713,2.0
4851,53719,2.0
4852,53704,2.0
4853,53718,2.0
4854,53589,2.0
4855,53551,4.0
4856,53913,4.0
4857,53527,2.0
4858,53562,2.0
4859,53719,2.0
4860,53575,2.0
4861,53574,2.0
4862,53703,2.0
4863,53574,2.0
4864,53719,2.0
4865,53589,2.0
4866,53038,4.0
4867,53593,2.0
4868,53711,2.0
4869,53704,2.0
4870,53589,2.0
4871,53718,2.0
4872,32931,2.0
4873,53714,2.0
4875,53527,2.0
4877,53588,4.0
4878,53704,2.0
4879,53582,2.0
4881,53716,2.0
4882,53572,2.0
4883,53711,2.0
4884,53590,2.0
4885,53959,4.0
4886,53562,2.0
4887,53714,2.0
4888,53593,2.0
4889,53711,2.0
4890,53711,2.0
4891,53960,2.0
4892,53705,2.0
4893,53508,2.0
4894,53714,2.0
4895,53704,2.0
4896,53502,2.0
4897,53502,2.0
4898,53562,2.0
4899,53562,2.0
4900,53521,2.0
4901,53719,2.0
4902,53925,2.0
4903,53532,2.0
4905,53527,2.0
4906,53597,2.0
4907,53713,2.0
4908,53562,2.0
4909,53566,2.0
4910,53566,2.0
4911,53558,2.0
4912,53715,2.0
4913,53562,2.0
4914,53594,4.0
4915,53575,2.0
4916,53562,2.0
4917,53562,2.0
4919,53588,4.0
4920,53711,2.0
4921,53711,2.0
4922,53532,2.0
4924,53575,2.0
4926,53711,2.0
4927,53717,2.0
4929,53528,2.0
4930,53528,2.0
4931,53583,4.0
4932,53558,2.0
4933,53711,2.0
4934,53590,2.0
4936,53589,2.0
4937,53578,4.0
4938,53527,2.0
4939,53527,2.0
4940,53704,2.0
4941,53589,2.0
4942,53527,2.0
4943,53562,2.0
4944,53559,2.0
4945,53593,2.0
4946,53593,2.0
4947,53593,2.0
4948,53589,2.0
4949,53711,2.0
4950,53593,2.0
4951,53527,2.0
4952,53528,2.0
4953,53559,2.0
4954,53575,2.0
4956,53555,2.0
4957,53719,2.0
4958,53508,2.0
4959,53711,2.0
4960,53590,2.0
4961,53716,2.0
4962,53716,2.0
4963,53528,2.0
4964,53538,4.0
4965,53558,2.0
4966,53523,2.0
4967,53593,2.0
4968,53703,2.0
4969,53716,2.0
4970,53590,2.0
4971,53593,2.0
4972,53523,2.0
4973,53507,2.0
4974,53719,2.0
4975,53719,2.0
4976,53593,2.0
4977,53562,2.0
4978,53593,2.0
4979,53562,2.0
4980,53704,2.0
4981,53094,4.0
4982,53532,2.0
4983,53578,4.0
4984,53716,2.0
4985,53551,4.0
4986,53562,2.0
4987,53590,2.0
4988,53718,2.0
4989,53579,4.0
4990,53593,2.0
4991,53711,2.0
4992,53538,4.0
4993,53575,2.0
4994,53593,2.0
4995,53703,2.0
4996,53590,2.0
4997,53589,2.0
4998,53589,2.0
4999,53704,2.0
5000,53719,2.0
5001,53901,2.0
5002,53711,2.0
5003,53597,2.0
5004,53583,4.0
5005,53717,2.0
5006,53704,2.0
5007,53718,2.0
5009,53704,2.0
5010,53589,2.0
5011,53551,4.0
5012,53562,2.0
5013,53575,2.0
5014,53590,2.0
5015,53955,2.0
5016,53533,2.0
5017,53532,2.0
5019,53562,2.0
5020,53533,2.0
5021,53593,2.0
5022,53719,2.0
5023,53575,2.0
5024,53590,2.0
5025,53965,4.0
5026,53094,4.0
5027,53714,2.0
5028,53529,2.0
5029,53716,2.0
5030,53913,4.0
5031,53562,2.0
5032,53717,2.0
5033,53716,2.0
5034,53533,2.0
5035,53718,2.0
5036,53575,2.0
5037,53528,2.0
5038,53590,2.0
5039,53719,2.0
5041,53590,2.0
5042,53572,2.0
5043,53597,2.0
5044,53960,2.0
5046,53558,2.0
5047,53711,2.0
5048,53532,2.0
5049,53555,2.0
5051,53562,2.0
5052,53718,2.0
5053,53716,2.0
5054,53705,2.0
5055,53562,2.0
5056,53714,2.0
5057,53714,2.0
5058,53558,2.0
5059,53529,2.0
5060,53572,2.0
5061,53588,4.0
5062,53590,2.0
5064,53704,2.0
5065,53719,2.0
5066,53916,4.0
5067,53590,2.0
5068,53711,2.0
5069,53575,2.0
5070,53532,2.0
5071,53575,2.0
5072,53925,2.0
5073,53522,2.0
5074,53711,2.0
5075,53590,2.0
5076,53718,2.0
5077,53594,4.0
5078,53588,4.0
5079,53590,2.0
5080,53532,2.0
5081,53597,2.0
5082,53705,2.0
5083,53558,2.0
5084,53590,2.0
5085,53575,2.0
5086,53590,2.0
5087,53532,2.0
5088,53955,2.0
5089,53955,2.0
5090,53717,2.0
5091,53562,2.0
5093,53913,4.0
5094,53718,2.0
5095,53532,2.0
5097,53711,2.0
5098,53562,2.0
5099,53711,2.0
5101,53532,2.0
5102,53589,2.0
5103,53704,2.0
5104,53551,4.0
5105,53589,2.0
5106,53562,2.0
5108,53597,2.0
5109,53711,2.0
5110,53575,2.0
5111,53590,2.0
5112,53589,2.0
5113,53590,2.0
5114,53593,2.0
5115,53717,2.0
5116,53705,2.0
5117,53705,2.0
5118,53523,2.0
5119,53711,2.0
5120,53038,4.0
5121,53718,2.0
5122,53562,2.0
5123,53718,2.0
5124,53562,2.0
5125,53594,4.0
5126,53711,2.0
5128,53719,2.0
5129,53717,2.0
5130,53711,2.0
5131,53719,2.0
5133,53571,2.0
5134,53932,2.0
5135,53528,2.0
5136,53532,2.0
5137,53593,2.0
5138,53558,2.0
5139,53572,2.0
5140,53963,4.0
5141,53593,2.0
5142,53955,2.0
5143,53913,4.0
5144,53711,2.0
5145,53717,2.0
5146,53590,2.0
5147,53590,2.0
5148,53561,4.0
5149,53532,2.0
5150,53711,2.0
5151,53590,2.0
5153,53704,2.0
5154,53704,2.0
5156,53558,2.0
5157,53716,2.0
5158,53714,2.0
5159,53590,2.0
5160,53597,2.0
5161,53575,2.0
5162,53555,2.0
5163,53558,2.0
5164,53719,2.0
5165,53705,2.0
5166,53704,2.0
5167,53703,2.0
5168,53711,2.0
5170,53562,2.0
5171,53711,2.0
5172,53726,2.0
5173,53714,2.0
5174,53572,2.0
5175,53558,2.0
5176,53719,2.0
5177,53719,2.0
5178,53711,2.0
5179,53705,2.0
5180,53562,2.0
5181,53719,2.0
5182,53593,2.0
5183,53523,2.0
5184,53562,2.0
5185,53597,2.0
5186,53704,2.0
5187,53714,2.0
5188,53714,2.0
5189,53562,2.0
5190,53719,2.0
5191,53711,2.0
5192,53705,2.0
5193,53593,2.0
5194,53704,2.0
5195,53705,2.0
5196,53523,2.0
5197,53718,2.0
5198,53589,2.0
5199,53711,2.0
5200,53590,2.0
5202,53719,2.0
5203,53590,2.0
5205,53593,2.0
5207,53711,2.0
5208,53589,2.0
5209,53593,2.0
5210,53714,2.0
5211,53716,2.0
5212,53716,2.0
5214,53590,2.0
5215,53562,2.0
5216,53593,2.0
5217,53711,2.0
5218,53575,2.0
5219,53719,2.0
5221,53719,2.0
5222,53711,2.0
5224,53718,2.0
5225,53704,2.0
5226,53538,4.0
5229,53508,2.0
5230,53508,2.0
5233,53714,2.0
5234,53590,2.0
5235,53704,2.0
5236,53711,2.0
5237,53590,2.0
5238,53533,2.0
5240,53711,2.0
5241,53718,2.0
5242,53562,2.0
5243,53593,2.0
5244,53705,2.0
5245,53704,2.0
5246,53704,2.0
5247,53705,2.0
5248,53703,2.0
5249,53597,2.0
5250,53575,2.0
5251,53719,2.0
5252,53714,2.0
5254,53558,2.0
5255,53717,2.0
5256,53925,2.0
5257,53532,2.0
5259,53575,2.0
5260,53562,2.0
5261,53705,2.0
5262,53562,2.0
5263,53597,2.0
5264,53517,2.0
5265,53555,2.0
5266,53558,2.0
5267,53551,4.0
5268,53562,2.0
5269,53551,4.0
5271,53713,2.0
5272,53589,2.0
5273,53570,2.0
5274,53714,2.0
5275,53719,2.0
5276,53575,2.0
5277,53597,2.0
5278,53572,2.0
5279,53716,2.0
5280,53562,2.0
5281,53711,2.0
5282,53711,2.0
5283,53597,2.0
5285,53558,2.0
5287,53719,2.0
5288,53593,2.0
5289,53593,2.0
5290,53558,2.0
5291,53590,2.0
5292,53704,2.0
5294,53913,4.0
5295,53589,2.0
5296,53713,2.0
5297,53575,2.0
5298,53517,2.0
5299,53593,2.0
5300,53925,2.0
5302,53555,2.0
5303,53529,2.0
5304,53575,2.0
5305,53588,4.0
5306,53711,2.0
5307,53711,2.0
5308,53520,2.0
5309,53508,2.0
5310,53590,2.0
5311,53558,2.0
5312,53711,2.0
5313,53717,2.0
5314,53597,2.0
5316,53558,2.0
5317,53704,2.0
5318,53527,2.0
5319,53716,2.0
5320,53589,2.0
5321,53589,2.0
5322,53589,2.0
5323,53703,2.0
5324,53716,2.0
5325,53574,2.0
5327,53558,2.0
5328,53558,2.0
5329,53711,2.0
5330,53562,2.0
5331,53714,2.0
5332,53705,2.0
5333,53531,2.0
5334,53713,2.0
5335,53590,2.0
5337,53718,2.0
5338,53718,2.0
5339,53593,2.0
5340,53589,2.0
5341,53589,2.0
5342,53704,2.0
5343,53711,2.0
5344,53711,2.0
5345,53711,2.0
5346,53718,2.0
5347,53555,2.0
5348,53713,2.0
5349,53717,2.0
5350,53711,2.0
5351,53593,2.0
5352,53593,2.0
5353,53703,2.0
5354,53566,2.0
5355,53589,2.0
5356,53598,2.0
5357,53713,2.0
5358,53590,2.0
5359,53705,2.0
5360,53716,2.0
5361,53704,2.0
5362,53528,2.0
5363,53597,2.0
5365,53716,2.0
5366,53597,2.0
5367,53711,2.0
5368,53717,2.0
5369,53515,2.0
5371,53913,4.0
5372,53575,2.0
5373,53717,2.0
5374,53527,2.0
5375,53562,2.0
5376,53515,2.0
5377,53575,2.0
5378,53593,2.0
5381,53527,2.0
5382,53705,2.0
5383,53704,2.0
5384,53590,2.0
5385,53565,2.0
5386,53704,2.0
5387,53572,2.0
5388,53589,2.0
5389,53593,2.0
5390,53593,2.0
5391,53598,2.0
5392,53704,2.0
5393,53590,2.0
5394,53714,2.0
5395,53523,2.0
5396,53704,2.0
5397,53705,2.0
5398,53704,2.0
5399,53711,2.0
5400,53594,4.0
5401,53717,2.0
5402,53704,2.0
5403,53716,2.0
5404,53716,2.0
5405,53711,2.0
5406,53711,2.0
5407,53597,2.0
5408,53575,2.0
5409,53960,2.0
5410,53703,2.0
5411,53705,2.0
5412,53589,2.0
5414,53719,2.0
5415,53705,2.0
5416,53716,2.0
5417,53593,2.0
5418,53523,2.0
5419,53925,2.0
5420,53719,2.0
5421,53562,2.0
5422,53718,2.0
5423,53558,2.0
5424,53719,2.0
5425,53590,2.0
5427,53590,2.0
5428,53713,2.0
5429,53711,2.0
5430,53575,2.0
5431,53711,2.0
5432,53711,2.0
5433,53711,2.0
5434,53711,2.0
5435,53589,2.0
5436,53570,2.0
5437,53527,2.0
5438,53716,2.0
5439,53715,2.0
5440,53703,2.0
5441,53703,2.0
5442,53572,2.0
5443,53717,2.0
5444,53555,2.0
5445,53714,2.0
5446,53597,2.0
5447,53533,2.0
5448,53583,4.0
5450,53558,2.0
5452,53562,2.0
5453,53590,2.0
5454,53705,2.0
5455,53716,2.0
5456,53711,2.0
5457,53719,2.0
5458,53711,2.0
5459,53713,2.0
5460,53719,2.0
5461,53590,2.0
5462,53711,2.0
5463,53589,2.0
5464,53593,2.0
5465,53716,2.0
5466,53558,2.0
5467,53703,2.0
5469,53562,2.0
5470,53719,2.0
5471,53704,2.0
5472,53555,2.0
5473,53705,2.0
5474,53558,2.0
5475,53704,2.0
5476,53575,2.0
5477,53705,2.0
5478,53719,2.0
5479,53575,2.0
5480,53515,2.0
5481,53711,2.0
5482,53593,2.0
5483,53704,2.0
5484,53703,2.0
5485,53704,2.0
5486,53589,2.0
5487,53703,2.0
5488,53523,2.0
5489,53532,2.0
5490,53562,2.0
5491,53590,2.0
5492,53590,2.0
5493,53711,2.0
5494,53703,2.0
5496,53517,2.0
5497,53719,2.0
5498,53718,2.0
5499,53593,2.0
5500,53901,2.0
5501,53590,2.0
5502,53714,2.0
5503,53558,2.0
5504,53925,2.0
5505,53704,2.0
5506,53726,2.0
5507,53532,2.0
5508,53704,2.0
5509,53589,2.0
5510,53597,2.0
5512,53593,2.0
5513,53593,2.0
5514,53562,2.0
5515,53716,2.0
5516,53704,2.0
5517,53717,2.0
5518,53558,2.0
5519,53711,2.0
5520,53718,2.0
5521,53597,2.0
5522,53590,2.0
5524,53598,2.0
5525,53593,2.0
5526,53590,2.0
5527,53718,2.0
5528,53716,2.0
5530,53572,2.0
5531,53531,2.0
5533,53589,2.0
5534,53704,2.0
5535,53529,2.0
5536,53711,2.0
5537,53597,2.0
5538,53717,2.0
5539,53711,2.0
5540,53711,2.0
5541,53704,2.0
5542,53711,2.0
5543,53598,2.0
5544,53711,2.0
5545,53711,2.0
5546,53705,2.0
5547,53711,2.0
5548,53704,2.0
5549,53703,2.0
5550,53714,2.0
5551,53590,2.0
5552,53916,4.0
5553,53717,2.0
5554,53527,2.0
5555,53590,2.0
5556,53716,2.0
5557,53704,2.0
5559,53932,2.0
5560,53718,2.0
5561,53593,2.0
5562,53704,2.0
5563,53532,2.0
5564,53705,2.0
5565,53094,4.0
5566,53711,2.0
5567,53597,2.0
5568,53716,2.0
5569,53575,2.0
5570,53562,2.0
5571,53593,2.0
5574,53711,2.0
5575,53716,2.0
5576,53572,2.0
5577,53711,2.0
5578,53589,2.0
5579,53705,2.0
5580,53597,2.0
5581,53717,2.0
5582,53562,2.0
5583,53593,2.0
5584,53590,2.0
5585,53716,2.0
5586,53719,2.0
5587,53527,2.0
5588,53959,4.0
5589,53704,2.0
5590,53711,2.0
5591,53597,2.0
5592,53715,2.0
5593,53528,2.0
5594,53515,2.0
5595,53531,2.0
5596,53527,2.0
5598,53572,2.0
5599,53717,2.0
5600,53593,2.0
5601,53575,2.0
5602,53562,2.0
5603,53718,2.0
5604,53713,2.0
5605,53717,2.0
5607,53711,2.0
5608,53593,2.0
5609,53703,2.0
5610,53716,2.0
5611,53713,2.0
5612,53705,2.0
5613,53703,2.0
5614,53593,2.0
5615,53704,2.0
5616,53713,2.0
5617,53593,2.0
5618,53705,2.0
5619,53703,2.0
5620,53703,2.0
5621,53703,2.0
5622,53589,2.0
5623,53590,2.0
5624,53590,2.0
5625,53901,2.0
5626,53562,2.0
5627,53562,2.0
5630,53593,2.0
5631,53593,2.0
5632,53711,2.0
5633,53711,2.0
5634,53719,2.0
5635,53719,2.0
5636,53719,2.0
5637,53719,2.0
5638,53704,2.0
5639,53704,2.0
5640,53716,2.0
5641,53716,2.0
5642,53719,2.0
5643,53719,2.0
5644,53597,2.0
5645,53597,2.0
5648,53590,2.0
5649,53590,2.0
5650,53714,2.0
5651,53714,2.0
5652,53718,2.0
5653,53718,2.0
5654,53551,4.0
5655,53551,4.0
5656,53590,2.0
5657,53590,2.0
5658,53562,2.0
5659,53562,2.0
5660,53901,2.0
5661,53901,2.0
5662,53719,2.0
5663,53719,2.0
5666,53593,2.0
5667,53593,2.0
5668,53593,2.0
5671,53719,2.0
