Zip Code,PerCapitaPersonalIncome
59029,68244.0
59047,67131.0
59106,68959.0
59754,75313.0
60110,67922.0
60124,67922.0
60408,68225.0
60431,68225.0
60933,71035.0
60957,71035.0
66404,71607.0
66415,71607.0
67644,71198.0
67835,75419.0
67871,68367.0
68651,76182.0
68761,76372.0
68843,73733.0
68845,74630.0
68862,75469.0
68934,69182.0
68937,74113.0
68938,69182.0
69343,70339.0
73007,72954.0
77014,73862.0
77030,73862.0
77036,73862.0
77059,73862.0
77060,73862.0
77433,73862.0
78664,72828.0
78938,72230.0
79045,75549.0
79942,68799.0
80521,71359.0
81036,74467.0
81225,70391.0
82190,77015.0
82335,68521.0
82450,77015.0
82838,73622.0
83112,73432.0
84050,71630.0
84115,71787.0
85013,68111.0
85042,68111.0
85045,68111.0
85381,68111.0
93401,72721.0
95697,67778.0
95986,75539.0
97210,75772.0
98208,75320.0
98629,69318.0
98663,69318.0
99760,69573.0
99765,69573.0
99781,69573.0
21048,74895.0
21053,74738.0
33004,70982.0
33063,70982.0
33176,75182.0
33326,70982.0
33331,70982.0
33703,71904.0
33707,71904.0
34683,71904.0
34785,71231.0
44124,68360.0
44139,68360.0
44253,70562.0
45033,75833.0
45224,75833.0
45866,67802.0
49306,70662.0
49509,70662.0
49519,70662.0
49769,75812.0
51011,67668.0
51247,67668.0
53125,67665.0
55024,75019.0
56237,71912.0
56522,74577.0
56565,74577.0
56725,68190.0
56762,72481.0
57068,74873.0
57072,70996.0
57325,74055.0
57401,75470.0
57725,73485.0
58029,73185.0
58261,70222.0
58420,68370.0
58558,75321.0
1379,67327.0
1501,69301.0
1564,69301.0
3084,76187.0
3260,73531.0
3273,73531.0
3904,70640.0
3905,70640.0
4574,67794.0
4653,68181.0
5408,76222.0
6042,75433.0
6088,75433.0
6089,75433.0
6237,67916.0
6340,69755.0
6437,68387.0
7064,75352.0
12017,74642.0
12569,71391.0
15020,75468.0
15024,75468.0
15331,75091.0
15477,75091.0
16002,73039.0
16023,73039.0
16027,73039.0
18088,68050.0
19730,70792.0
20659,70353.0
21047,71196.0
21085,71196.0
23056,72439.0
23064,72439.0
24553,67990.0
28570,68500.0
28594,68500.0
30072,67811.0
30340,67811.0
93962,68943.0
95691,67778.0
96821,69893.0
97205,75772.0
97230,75772.0
98257,67173.0
98346,73841.0
57432,75470.0
93432,72721.0
93529,70699.0
1037,69301.0
1331,69301.0
1341,67327.0
1524,69301.0
3055,76187.0
3057,76187.0
3221,73531.0
3243,73531.0
3746,68216.0
4605,68181.0
6023,75433.0
6032,75433.0
6254,69755.0
6360,69755.0
6444,75433.0
6517,68387.0
6519,68387.0
6708,68387.0
7826,75364.0
8857,75352.0
12527,71391.0
15004,75091.0
15116,75468.0
15120,75468.0
15376,75091.0
15412,75091.0
16052,73039.0
16063,73039.0
17027,68998.0
18020,68050.0
21050,71196.0
21104,74895.0
21252,74738.0
21755,76664.0
22405,68098.0
23035,72439.0
23069,77005.0
23076,72439.0
24581,67990.0
28722,67589.0
30360,67811.0
33028,70982.0
33071,70982.0
33109,75182.0
33154,75182.0
33306,70982.0
35094,71275.0
35139,71275.0
35203,71275.0
35204,71275.0
35235,71275.0
37721,67323.0
37918,67323.0
37919,67323.0
40215,67663.0
40243,67663.0
44126,68360.0
44134,68360.0
44135,68360.0
45001,75833.0
45051,75833.0
45236,75833.0
45828,67802.0
46256,70999.0
48816,73173.0
48843,73173.0
53076,73187.0
55033,75019.0
55106,69310.0
55124,75019.0
55934,71904.0
56114,67663.0
57035,74873.0
57376,75370.0
57540,76842.0
58004,73185.0
58210,70222.0
58477,75321.0
58544,69003.0
58561,72030.0
58573,69003.0
59024,68959.0
59064,68959.0
60401,68225.0
61335,70122.0
61363,70122.0
63376,69693.0
67552,74594.0
67764,69978.0
68314,68090.0
68322,71989.0
68340,71989.0
68413,67310.0
68452,69182.0
68455,67310.0
68460,68781.0
68725,70612.0
68756,76372.0
68840,74630.0
68967,70215.0
68980,69182.0
73120,72954.0
73149,72954.0
76950,75645.0
77464,73855.0
77469,73855.0
77502,73862.0
77995,71664.0
79094,71357.0
80117,76970.0
80547,71359.0
81635,71629.0
82229,70943.0
82640,70887.0
84121,71787.0
85050,68111.0
88210,76555.0
98664,69318.0
98686,69318.0
99709,69775.0
99712,69775.0
33125,75182.0
33142,75182.0
33150,75182.0
33155,75182.0
33767,71904.0
35091,71275.0
35116,71275.0
35217,71275.0
35242,71565.0
44143,68360.0
44275,70562.0
45208,75833.0
45211,75833.0
45255,75833.0
47532,68645.0
51458,75597.0
51561,69748.0
52206,70193.0
53033,73187.0
53935,67169.0
55117,69310.0
55901,71904.0
55906,71904.0
56128,69853.0
56208,69348.0
57197,74873.0
57239,73994.0
57242,69757.0
57251,74933.0
57259,74933.0
57269,74933.0
57301,67849.0
57366,75370.0
57744,68449.0
58021,73185.0
58103,73185.0
93465,72721.0
93905,68943.0
93906,68943.0
93927,68943.0
95975,75539.0
97204,75772.0
98256,75320.0
98272,75320.0
98311,73841.0
98359,73841.0
21651,77025.0
22406,68098.0
98821,68356.0
99547,72234.0
99703,69775.0
99714,69775.0
58789,75774.0
59065,67131.0
59721,75313.0
60033,69641.0
60177,67922.0
60423,68225.0
61936,70047.0
64098,73531.0
68325,71989.0
68771,71135.0
68929,68950.0
68966,74351.0
68976,74113.0
69022,70215.0
70090,70185.0
70115,67403.0
70126,67403.0
70763,70185.0
73097,72954.0
73159,72954.0
76035,74009.0
76481,69691.0
77044,73862.0
77072,73862.0
77451,73855.0
77477,73855.0
77547,73862.0
78024,69038.0
78609,72121.0
79528,71715.0
79777,67647.0
80434,68367.0
80511,71359.0
80535,71359.0
81137,76558.0
82332,68521.0
82435,77015.0
82834,70887.0
82837,73622.0
82923,70620.0
84102,71787.0
85041,68111.0
85266,68111.0
85387,68111.0
1267,70945.0
1605,69301.0
3047,76187.0
3257,73531.0
3287,73531.0
3906,70640.0
3911,70640.0
4612,68181.0
4664,68181.0
5037,72177.0
5682,73602.0
6002,75433.0
6093,75433.0
6096,75433.0
6118,75433.0
6353,69755.0
6510,68387.0
7462,75364.0
7871,75364.0
8022,74684.0
8536,75352.0
8641,74684.0
8830,75352.0
8904,75352.0
10989,71330.0
12503,74642.0
15019,75091.0
15084,75468.0
15147,75468.0
15208,75468.0
15213,75468.0
15348,75091.0
16022,73039.0
19736,70792.0
19950,68532.0
20634,70353.0
21087,74738.0
21111,74738.0
21117,74738.0
21152,74738.0
21244,74738.0
21286,74738.0
23025,72439.0
23138,72439.0
30067,75176.0
33014,75182.0
33027,70982.0
33126,75182.0
33135,75182.0
33304,70982.0
33330,70982.0
33777,71904.0
33778,71904.0
35023,71275.0
35043,71565.0
35178,71565.0
35209,71275.0
35221,71275.0
37774,70063.0
37846,70063.0
37914,67323.0
37934,67323.0
44040,68360.0
45243,75833.0
46107,70999.0
50071,68410.0
50470,68410.0
51235,68302.0
53184,67665.0
53969,67169.0
56744,72481.0
57219,73994.0
57226,75160.0
57241,69757.0
57441,75470.0
57580,67191.0
58030,70746.0
58052,73185.0
58413,74321.0
95004,68943.0
95945,75539.0
96730,69893.0
97209,75772.0
98201,75320.0
98204,75320.0
98365,68457.0
93422,72721.0
93907,68943.0
98026,75320.0
98110,73841.0
98660,69318.0
98836,68356.0
98847,68356.0
99649,74906.0
1375,67327.0
1378,67327.0
1453,69301.0
1531,69301.0
1545,69301.0
1588,69301.0
2818,72004.0
3045,76187.0
3062,76187.0
3449,76187.0
3752,68216.0
3910,70640.0
4005,70640.0
4086,67538.0
4095,70640.0
4472,68181.0
4530,67538.0
4685,68181.0
5089,72177.0
5452,76222.0
5468,76222.0
5640,73602.0
6062,75433.0
6108,75433.0
6359,69755.0
6405,68387.0
6511,68387.0
6712,68387.0
6716,68387.0
7067,75352.0
8901,75352.0
10970,71330.0
12172,74642.0
15063,75091.0
15071,75468.0
15228,75468.0
15312,75091.0
15358,75091.0
15419,75091.0
15434,75091.0
16045,73039.0
16046,73039.0
18042,68050.0
18083,68050.0
18343,68050.0
19701,70792.0
19805,70792.0
19968,68532.0
19975,68532.0
20653,70353.0
21013,74738.0
28079,72553.0
28327,68180.0
30114,71255.0
30127,75176.0
30307,67811.0
30322,67811.0
58765,68807.0
59008,68244.0
59081,67131.0
59747,75313.0
60936,71035.0
60952,71035.0
62236,74760.0
63385,69693.0
66952,67860.0
66963,68978.0
67664,71198.0
67853,75419.0
68017,71628.0
68048,67310.0
68073,71628.0
68666,76182.0
69043,67709.0
69143,72970.0
70163,67403.0
73145,72954.0
73162,72954.0
73932,69284.0
76537,72828.0
76565,70580.0
76573,72828.0
76574,72828.0
77029,73862.0
77037,73862.0
77075,73862.0
77078,73862.0
77092,73862.0
77503,73862.0
77536,73862.0
79518,71715.0
80468,73848.0
80513,71359.0
80549,71359.0
81224,70391.0
81301,76558.0
83705,72588.0
84065,71787.0
84081,71787.0
84117,71787.0
84119,71787.0
84180,71787.0
85142,68111.0
85205,68111.0
85250,68111.0
85284,68111.0
85286,68111.0
85392,68111.0
85395,68111.0
59920,68725.0
59922,68725.0
60404,68225.0
60491,68225.0
61326,70122.0
61560,70122.0
61830,70047.0
64163,73531.0
67844,75656.0
68037,67310.0
68360,68090.0
68362,71989.0
68364,68090.0
68941,69182.0
70118,67403.0
73034,72954.0
73107,72954.0
73112,72954.0
73121,72954.0
73131,72954.0
73938,69284.0
76088,74009.0
77015,73862.0
77040,73862.0
77089,73862.0
77479,73855.0
80482,73848.0
80545,71359.0
81071,74467.0
81130,76234.0
81235,70643.0
81237,70391.0
84515,77028.0
84540,77028.0
85031,68111.0
85053,68111.0
85224,68111.0
85251,68111.0
93512,70699.0
96819,69893.0
98241,75320.0
21770,76664.0
21872,68163.0
23119,72439.0
23430,69100.0
23460,72091.0
28112,72553.0
30021,67811.0
30068,75176.0
30101,75176.0
98822,68356.0
99579,74906.0
99825,73176.0
1031,69301.0
1259,70945.0
1337,67327.0
1529,69301.0
1532,69301.0
1562,69301.0
1608,69301.0
1611,69301.0
3109,76187.0
4090,70640.0
4642,68181.0
4679,68181.0
4684,68181.0
5055,72177.0
5153,72177.0
5401,76222.0
5648,73602.0
6016,75433.0
6103,75433.0
6357,69755.0
6375,69755.0
6384,69755.0
6514,68387.0
6702,68387.0
10962,71330.0
12029,74642.0
12173,74642.0
12517,74642.0
12521,74642.0
15202,75468.0
16033,73039.0
16061,73039.0
17324,68998.0
17822,70610.0
18072,68050.0
19735,70792.0
19810,70792.0
19960,68532.0
20636,70353.0
21131,74738.0
21161,71196.0
21757,76664.0
33024,70982.0
33139,75182.0
33196,75182.0
33334,70982.0
33776,71904.0
35205,71275.0
35224,71275.0
35254,71275.0
37932,67323.0
44118,68360.0
44125,68360.0
44140,68360.0
44147,68360.0
45226,75833.0
46278,70999.0
49740,75812.0
50029,68446.0
51242,68302.0
52313,70193.0
53928,67169.0
56122,67663.0
56520,74577.0
57052,75370.0
57106,74873.0
57221,69757.0
57446,75470.0
57468,73994.0
57534,67191.0
57632,74502.0
57702,73485.0
57773,68449.0
57780,73485.0
58057,70746.0
58058,70746.0
58059,73185.0
58104,73185.0
58240,72754.0
58461,74136.0
58601,71645.0
1029,70945.0
1201,70945.0
1473,69301.0
1523,69301.0
1527,69301.0
1561,69301.0
3234,73531.0
3743,68216.0
3754,68216.0
4043,70640.0
4063,70640.0
4087,70640.0
4431,68181.0
5486,74532.0
5652,68121.0
6279,67916.0
6460,68387.0
6512,68387.0
7439,75364.0
8010,74684.0
8077,74684.0
8831,75352.0
10976,71330.0
12075,74642.0
12132,74642.0
12524,71391.0
12529,74642.0
15021,75091.0
15144,75468.0
15146,75468.0
15232,75468.0
15350,75091.0
16025,73039.0
16041,73039.0
18091,68050.0
19703,70792.0
19966,68532.0
21132,71196.0
21650,77025.0
21678,77025.0
21842,68163.0
23125,72439.0
23459,72091.0
28589,68500.0
30189,71255.0
58844,68807.0
59019,68586.0
59069,68586.0
59755,75313.0
59912,68725.0
60081,69641.0
60136,67922.0
60448,68225.0
60510,67922.0
60586,68225.0
64092,73531.0
64153,73531.0
67672,70367.0
67841,75419.0
68018,71628.0
68815,75469.0
68869,74630.0
69044,67709.0
69132,72970.0
70112,67403.0
73103,72954.0
73169,72954.0
73931,69284.0
76364,67115.0
77027,73862.0
77050,73862.0
77053,73855.0
77055,73862.0
77079,73862.0
77388,73862.0
78615,72828.0
78641,72828.0
80480,68367.0
80532,71359.0
81623,71629.0
82327,68521.0
83124,73432.0
83452,69601.0
84020,71787.0
85202,68111.0
85215,68111.0
85282,68111.0
85302,68111.0
85304,68111.0
33069,70982.0
33538,71231.0
34698,71904.0
35173,71275.0
35222,71275.0
35226,71275.0
35234,71275.0
37923,67323.0
40041,67663.0
45030,75833.0
45041,75833.0
45111,75833.0
45233,75833.0
45240,75833.0
45310,67802.0
46113,70999.0
46203,70999.0
46259,70999.0
47637,71369.0
48116,73173.0
49302,70662.0
49643,67800.0
50048,68446.0
50525,68410.0
51540,69748.0
52315,70193.0
53128,67665.0
54027,70354.0
55126,69310.0
55130,69310.0
56172,67663.0
56224,76945.0
56594,74577.0
57017,71327.0
57216,74933.0
57252,74933.0
57334,67849.0
57445,75470.0
57759,75362.0
58005,73185.0
58065,74136.0
58078,73185.0
58472,68370.0
58653,72257.0
95646,75395.0
96107,70699.0
96789,69893.0
96822,69893.0
96825,69893.0
97201,75772.0
97215,75772.0
98252,75320.0
98314,73841.0
93453,72721.0
93923,68943.0
98606,69318.0
98682,69318.0
98815,68356.0
99558,69573.0
99724,69573.0
99901,76446.0
1068,69301.0
1224,70945.0
1240,70945.0
1253,70945.0
1254,70945.0
1340,67327.0
1434,69301.0
1436,69301.0
1467,69301.0
1590,69301.0
2816,72004.0
3076,76187.0
3233,73531.0
4061,70640.0
4627,68181.0
4683,68181.0
4853,67794.0
5403,76222.0
5440,74532.0
5494,76222.0
5602,73602.0
5647,73602.0
6355,69755.0
6382,69755.0
6389,69755.0
6471,68387.0
6488,68387.0
6704,68387.0
6710,68387.0
7008,75352.0
7860,75364.0
8041,74684.0
8064,74684.0
22967,67990.0
23066,72439.0
23226,76912.0
26060,67565.0
28350,68180.0
28528,68500.0
28557,68500.0
28584,68500.0
30087,67811.0
58775,72821.0
59061,68586.0
59101,68959.0
59444,71171.0
60021,69641.0
60432,68225.0
60554,67922.0
61818,70047.0
61839,70047.0
61956,71677.0
63386,69693.0
68039,67487.0
68065,71628.0
68335,71989.0
68456,68090.0
68467,68781.0
68635,71971.0
68939,68950.0
70071,70185.0
70117,67403.0
73762,73533.0
76370,67573.0
76436,70580.0
77004,73862.0
77039,73862.0
77373,73862.0
77505,73862.0
77506,73862.0
77562,73862.0
77586,73862.0
78639,72121.0
79070,72100.0
80524,71359.0
82324,68521.0
84047,71787.0
84088,71787.0
85009,68111.0
85309,68111.0
8505,74684.0
10993,71330.0
15033,75091.0
15035,75468.0
15133,75468.0
15140,75468.0
15212,75468.0
15218,75468.0
15220,75468.0
15224,75468.0
15233,75468.0
15243,75468.0
17007,68998.0
17011,68998.0
17065,68998.0
17093,68998.0
19940,68532.0
19947,68532.0
20624,70353.0
20628,70353.0
20629,76018.0
20685,76018.0
21620,77025.0
21705,76664.0
21774,76664.0
21862,68163.0
93424,72721.0
93461,72721.0
95977,75539.0
58105,73185.0
58521,75321.0
58641,71645.0
98376,68457.0
98684,69318.0
98826,68356.0
99722,69573.0
99726,69573.0
99754,69573.0
99790,69573.0
99829,73176.0
33172,75182.0
33186,75182.0
33309,70982.0
33324,70982.0
33712,71904.0
33714,71904.0
35073,71275.0
40203,67663.0
40212,67663.0
40272,67663.0
45232,75833.0
46217,70999.0
47521,68645.0
48855,73173.0
50216,68446.0
50837,69294.0
52209,70193.0
52332,70193.0
53040,73187.0
55904,71904.0
56214,76945.0
56220,71912.0
56226,69348.0
57020,74873.0
57030,74873.0
57536,67656.0
58016,72754.0
58018,70746.0
58048,73185.0
58227,70222.0
58250,70222.0
21780,76664.0
21791,74895.0
21864,68163.0
33019,70982.0
33169,75182.0
33301,70982.0
33311,70982.0
33786,71904.0
35007,71565.0
35127,71275.0
35210,71275.0
37915,67323.0
40242,67663.0
44105,68360.0
44117,68360.0
44131,68360.0
44138,68360.0
46231,70999.0
47542,68645.0
49712,71589.0
50858,69294.0
51450,75597.0
52346,70193.0
54082,70354.0
56131,67663.0
57005,74873.0
57041,74873.0
57330,76934.0
57422,73994.0
57738,68449.0
58219,72754.0
58274,72754.0
58424,68370.0
58656,71645.0
58790,75774.0
59018,67131.0
59067,68586.0
59461,71171.0
59720,75313.0
59745,75313.0
59751,75313.0
60180,69641.0
61884,70047.0
64439,73531.0
66967,67860.0
67547,74594.0
67642,72489.0
67650,72489.0
67744,75897.0
67849,74269.0
68003,71628.0
68036,71971.0
68047,67487.0
68326,71989.0
68726,76372.0
68842,75828.0
68861,74630.0
68940,70667.0
68948,70215.0
68950,68330.0
68954,69182.0
69165,72970.0
69169,72970.0
70113,67403.0
70124,67403.0
73012,72954.0
73135,72954.0
77002,73862.0
77010,73862.0
77061,73862.0
77071,73862.0
77073,73862.0
77338,73862.0
77520,73862.0
78010,69038.0
78626,72828.0
78657,72121.0
78729,72828.0
78940,72230.0
80816,67575.0
81652,71629.0
83119,73432.0
83706,72588.0
84103,71787.0
84111,71787.0
84116,71787.0
85029,68111.0
85260,68111.0
93932,68943.0
96712,69893.0
96744,69893.0
97024,75772.0
97214,75772.0
97239,75772.0
98235,67173.0
98290,75320.0
99591,72234.0
99665,69573.0
99701,69775.0
99745,69573.0
99748,69573.0
1094,69301.0
1238,70945.0
1338,67327.0
1349,67327.0
1351,67327.0
1503,69301.0
1540,69301.0
1581,69301.0
2888,72004.0
3043,76187.0
3048,76187.0
3106,73531.0
3278,73531.0
3781,68216.0
3902,70640.0
4416,68181.0
4673,68181.0
4861,67794.0
5405,76222.0
5657,68121.0
5661,68121.0
6013,75433.0
6085,75433.0
7080,75352.0
8057,74684.0
8640,74684.0
8837,75352.0
10901,71330.0
10964,71330.0
12165,74642.0
15045,75468.0
15076,75468.0
15136,75468.0
15143,75468.0
15203,75468.0
15313,75091.0
16038,73039.0
17015,68998.0
17257,68998.0
19956,68532.0
19973,68532.0
20618,70353.0
21005,71196.0
21034,71196.0
22964,67990.0
23045,72439.0
23451,72091.0
27281,68180.0
28531,68500.0
30035,67811.0
30102,71255.0
30316,67811.0
30319,67811.0
33031,75182.0
33140,75182.0
33187,75182.0
33585,71231.0
33715,71904.0
33759,71904.0
33773,71904.0
33774,71904.0
33785,71904.0
34688,71904.0
35051,71565.0
35060,71275.0
35176,71565.0
37771,70063.0
40211,67663.0
40214,67663.0
40291,67663.0
41014,73345.0
44022,68360.0
44104,68360.0
44212,70562.0
45220,75833.0
46234,70999.0
46268,70999.0
49649,67800.0
49684,67800.0
49764,75812.0
49796,71589.0
50599,68410.0
52318,70193.0
52345,70193.0
53027,73187.0
53923,67169.0
54007,70354.0
57218,75160.0
57261,73994.0
57374,73312.0
57481,75470.0
57732,75362.0
58047,73185.0
1256,70945.0
1266,70945.0
1270,70945.0
1560,69301.0
3071,76187.0
3082,76187.0
3110,76187.0
3235,73531.0
3275,73531.0
3770,68216.0
4073,70640.0
4607,68181.0
4629,68181.0
5032,72177.0
5034,72177.0
5071,72177.0
5142,72177.0
5149,72177.0
5156,72177.0
5680,68121.0
6105,75433.0
6107,75433.0
6268,67916.0
8048,74684.0
8872,75352.0
10986,71330.0
12514,71391.0
12583,71391.0
15082,75468.0
15209,75468.0
15210,75468.0
15234,75468.0
15236,75468.0
15237,75468.0
15347,75091.0
15368,75091.0
16035,73039.0
16037,73039.0
17241,68998.0
17821,70610.0
18055,68050.0
18351,68050.0
19702,70792.0
20684,70353.0
21157,74895.0
21220,74738.0
59927,68725.0
60072,69641.0
60152,69641.0
60403,68225.0
60446,68225.0
60506,67922.0
60946,71035.0
66932,67860.0
68015,71628.0
68040,71628.0
68626,71971.0
68925,68330.0
69151,72970.0
70052,70185.0
70139,67403.0
73008,72954.0
73114,72954.0
76008,74009.0
77020,73862.0
77041,73862.0
77086,73862.0
77090,73862.0
77099,73862.0
77426,73880.0
77964,71664.0
77984,71664.0
78358,68361.0
78717,72828.0
78956,72230.0
79033,72100.0
80451,73848.0
80528,71359.0
81210,70391.0
81650,71629.0
82334,68521.0
83634,72588.0
83713,72588.0
84109,71787.0
85257,68111.0
21667,77025.0
21717,76664.0
23050,72439.0
23109,72439.0
23220,76912.0
23487,69100.0
27325,68180.0
30030,67811.0
30144,75176.0
93925,68943.0
95960,75539.0
96792,69893.0
96797,69893.0
96853,69893.0
97203,75772.0
97208,75772.0
98296,75320.0
98358,68457.0
58061,70746.0
58076,70746.0
58233,70222.0
58270,70222.0
58273,70222.0
58301,67469.0
58483,68370.0
58505,75321.0
58524,69003.0
58560,75321.0
58623,72257.0
98642,69318.0
98683,69318.0
99720,69573.0
99733,69573.0
99741,69573.0
99767,69573.0
7095,75352.0
7843,75364.0
21776,74895.0
22554,68098.0
58759,72821.0
59020,67131.0
59851,68344.0
60042,69641.0
60144,67922.0
60421,68225.0
60542,67922.0
61953,71677.0
67621,71198.0
68008,74042.0
68434,68090.0
68739,71135.0
69360,70339.0
73115,72954.0
77095,73862.0
77379,73862.0
78025,69038.0
78932,72230.0
78954,72230.0
80101,76970.0
80835,76970.0
82329,68521.0
83114,73432.0
83702,72588.0
85003,68111.0
85253,68111.0
85298,68111.0
85322,68111.0
85326,68111.0
1236,70945.0
1247,70945.0
1366,69301.0
1603,69301.0
3307,73531.0
3607,68216.0
4634,68181.0
4847,67794.0
5031,72177.0
5474,74532.0
5660,73602.0
5772,72177.0
6022,75433.0
6043,67916.0
6060,75433.0
6112,75433.0
6371,69755.0
6401,68387.0
6706,68387.0
8840,75352.0
10984,71330.0
10994,71330.0
12538,71391.0
15028,75468.0
15030,75468.0
15055,75091.0
15075,75468.0
15104,75468.0
15131,75468.0
15148,75468.0
15201,75468.0
15223,75468.0
15229,75468.0
15427,75091.0
16059,73039.0
17025,68998.0
19709,70792.0
21030,74738.0
21040,71196.0
21714,76664.0
21841,68163.0
23130,72439.0
30152,75176.0
33020,70982.0
33033,75182.0
33184,75182.0
33313,70982.0
33704,71904.0
33771,71904.0
35071,71275.0
35244,71275.0
40023,67663.0
40216,67663.0
41015,73345.0
44070,68360.0
44254,70562.0
45202,75833.0
45251,75833.0
46201,70999.0
49713,71589.0
49727,71589.0
51022,67668.0
51234,67668.0
51241,68302.0
51431,76071.0
53017,73187.0
53086,73187.0
54013,70354.0
55101,69310.0
55905,71904.0
55920,71904.0
56123,67663.0
57103,74873.0
58051,73185.0
58081,70746.0
58492,74136.0
95607,67778.0
95616,67778.0
95695,67778.0
95946,75539.0
96759,69893.0
96795,69893.0
96814,69893.0
96859,69893.0
98253,70094.0
98310,73841.0
98345,73841.0
93960,68943.0
98685,69318.0
99647,74906.0
99653,74906.0
99685,72234.0
99702,69775.0
33012,75182.0
33013,75182.0
33021,70982.0
33128,75182.0
33143,75182.0
33145,75182.0
33317,70982.0
35186,71565.0
35213,71275.0
35214,71275.0
35215,71275.0
37806,67323.0
37938,67323.0
40222,67663.0
44110,68360.0
45218,75833.0
45238,75833.0
46241,70999.0
47541,68645.0
47580,68645.0
47613,71369.0
49330,70662.0
49343,70662.0
49507,70662.0
49508,70662.0
49716,75812.0
51240,68302.0
51445,76071.0
55044,75019.0
55104,69310.0
56255,76945.0
56750,67464.0
57031,70996.0
57046,70996.0
57104,74873.0
57107,74873.0
57268,75160.0
57479,75470.0
58077,70746.0
58079,73185.0
58327,67469.0
58382,67469.0
58532,75321.0
58576,72821.0
58577,72821.0
58622,71645.0
58630,71645.0
58713,75774.0
1229,70945.0
1245,70945.0
1346,67327.0
1364,67327.0
1430,69301.0
1515,69301.0
1516,69301.0
1569,69301.0
2817,72004.0
2889,72004.0
3242,73531.0
3284,68216.0
3458,76187.0
3605,68216.0
4046,70640.0
4548,67538.0
4609,68181.0
4854,67794.0
4856,67794.0
5053,72177.0
5150,72177.0
5492,68121.0
6001,75433.0
6084,67916.0
6119,75433.0
6333,69755.0
6403,68387.0
7418,75364.0
8075,74684.0
8817,75352.0
8824,75352.0
8884,75352.0
10923,71330.0
12523,74642.0
12533,71391.0
12572,71391.0
12580,71391.0
12592,71391.0
15034,75468.0
15038,75091.0
15057,75091.0
15222,75468.0
15226,75468.0
15290,75468.0
19731,70792.0
21704,76664.0
21754,76664.0
21851,68163.0
58845,75412.0
59749,75313.0
59802,68344.0
59913,68725.0
60120,67922.0
60440,68225.0
60481,68225.0
60490,68225.0
60505,67922.0
60564,68225.0
61336,70122.0
61941,71677.0
64150,73531.0
67739,75897.0
68042,71628.0
68050,71628.0
68316,68781.0
68409,67310.0
68727,71135.0
68866,74630.0
69040,67709.0
69335,70339.0
69365,70339.0
70723,70185.0
73016,73533.0
73110,72954.0
73150,72954.0
77076,73862.0
77093,73862.0
77375,73862.0
77377,73862.0
77987,71664.0
78613,72828.0
82941,70620.0
83616,72588.0
85004,68111.0
85023,68111.0
85305,68111.0
85306,68111.0
85339,68111.0
85342,68111.0
85383,68111.0
93405,72721.0
93426,68943.0
96120,75395.0
96791,69893.0
97206,75772.0
97232,75772.0
98012,75320.0
22976,67990.0
23455,72091.0
23456,72091.0
26059,67565.0
30058,67811.0
30060,75176.0
30082,75176.0
99640,74906.0
99775,69775.0
1225,70945.0
1438,69301.0
2893,72004.0
3086,76187.0
3276,73531.0
3301,73531.0
3603,68216.0
4047,70640.0
4064,70640.0
4093,70640.0
4421,68181.0
4862,67794.0
5464,68121.0
6071,67916.0
8042,74684.0
8828,75352.0
10913,71330.0
10968,71330.0
12507,71391.0
12513,74642.0
12603,71391.0
15047,75468.0
15106,75468.0
15110,75468.0
15483,75091.0
16030,73039.0
17070,68998.0
19717,70792.0
20609,70353.0
21228,74738.0
21635,77025.0
58758,67934.0
59710,75313.0
59846,68344.0
60050,69641.0
61340,70122.0
63367,69693.0
64079,73531.0
67869,75656.0
68023,74042.0
68367,68781.0
68717,71135.0
68870,74630.0
68936,70215.0
68949,70667.0
69340,70339.0
70086,70185.0
73102,72954.0
73130,72954.0
76366,67573.0
76450,69691.0
76490,74009.0
77043,73862.0
77058,73862.0
77521,73862.0
77530,73862.0
78634,72828.0
78643,72121.0
80107,76970.0
80442,73848.0
80446,73848.0
80473,68367.0
80860,67575.0
82832,73622.0
82833,73622.0
82925,70620.0
83123,73432.0
83642,72588.0
85083,68111.0
85331,68111.0
93410,72721.0
93908,68943.0
93940,68943.0
95698,67778.0
96863,69893.0
97030,75772.0
97060,75772.0
98251,75320.0
98260,70094.0
98278,70094.0
33039,75182.0
33064,70982.0
33067,70982.0
33131,75182.0
33177,75182.0
33190,75182.0
33713,71904.0
33760,71904.0
34689,71904.0
35064,71275.0
35068,71275.0
35117,71275.0
37924,67323.0
40219,67663.0
40280,67663.0
43040,73664.0
45207,75833.0
45227,75833.0
45231,75833.0
45241,75833.0
46183,70999.0
47513,68645.0
49331,70662.0
49534,70662.0
49720,71589.0
49770,75812.0
51003,67668.0
51006,76071.0
51053,75597.0
51246,68302.0
52257,70193.0
53191,67665.0
53195,67665.0
56140,69853.0
56166,76945.0
56215,69348.0
56292,76945.0
56553,74577.0
56754,68190.0
56760,72481.0
57065,71327.0
57067,70996.0
57213,75160.0
57245,67768.0
57426,75470.0
57474,75470.0
57531,68393.0
57562,68393.0
58064,73185.0
58345,67469.0
58429,74136.0
22922,67990.0
23128,72439.0
27242,68180.0
28104,72553.0
28110,72553.0
30317,67811.0
30341,67811.0
58736,75774.0
33076,70982.0
33129,75182.0
33156,75182.0
33716,71904.0
34684,71904.0
34695,71904.0
35078,71565.0
35208,71275.0
37075,67865.0
40213,67663.0
41051,73345.0
41063,73345.0
44120,68360.0
45002,75833.0
45246,75833.0
46227,70999.0
46235,70999.0
47601,71369.0
47610,71369.0
49504,70662.0
49505,70662.0
51551,69748.0
52229,70193.0
52349,70193.0
53114,67665.0
53585,67665.0
55114,69310.0
55337,75019.0
56231,69348.0
56283,76945.0
57078,70996.0
57235,67768.0
57273,73994.0
57331,75370.0
57501,67656.0
58006,73185.0
58007,73185.0
58497,68370.0
58652,71645.0
58731,75774.0
58856,75412.0
59071,68244.0
59221,72410.0
59243,72410.0
59262,72410.0
59804,68344.0
60451,68225.0
60484,68225.0
62298,74760.0
66417,71607.0
67647,71198.0
67730,75897.0
67745,75897.0
68070,71628.0
68307,67310.0
68370,71989.0
68748,67240.0
68836,74630.0
68923,70667.0
68971,74351.0
69046,70215.0
73116,72954.0
76086,74009.0
76373,67115.0
76374,69691.0
77018,73862.0
77054,73862.0
77069,73862.0
77450,73862.0
79025,75549.0
79719,67647.0
79742,67647.0
79770,76555.0
81122,76558.0
81601,71629.0
82414,77015.0
82831,73622.0
82836,73622.0
84128,71787.0
85254,68111.0
85337,68111.0
85355,68111.0
1535,69301.0
1537,69301.0
1550,69301.0
3052,76187.0
3255,73531.0
3753,68216.0
4001,70640.0
4002,70640.0
4693,68181.0
5048,72177.0
5065,72177.0
6026,75433.0
6040,75433.0
6053,75433.0
6109,75433.0
6350,69755.0
6472,68387.0
7419,75364.0
12504,71391.0
15067,75091.0
15239,75468.0
15329,75091.0
15345,75091.0
15423,75091.0
16024,73039.0
16034,73039.0
17240,68998.0
19707,70792.0
19930,68532.0
21209,74738.0
21710,76664.0
23139,72006.0
28520,68500.0
93402,72721.0
98239,70094.0
98353,73841.0
98368,68457.0
98817,68356.0
99644,76625.0
1093,67327.0
1301,67327.0
1344,67327.0
1347,67327.0
1568,69301.0
1757,69301.0
3101,76187.0
3751,68216.0
3782,68216.0
5062,72177.0
5151,72177.0
5404,76222.0
5461,76222.0
5653,68121.0
5678,73602.0
6020,75433.0
6074,75433.0
6370,69755.0
6516,68387.0
6705,68387.0
8015,74684.0
8019,74684.0
8820,75352.0
10920,71330.0
10983,71330.0
12106,74642.0
12526,74642.0
12530,74642.0
15112,75468.0
15360,75091.0
18013,68050.0
19713,70792.0
19720,70792.0
19733,70792.0
20621,70353.0
20667,70353.0
21010,71196.0
21017,71196.0
21051,74738.0
21078,71196.0
21160,71196.0
22958,67990.0
23314,69100.0
23453,72091.0
30033,67811.0
30038,67811.0
30088,67811.0
30329,67811.0
33062,70982.0
33073,70982.0
33162,75182.0
33167,75182.0
33513,71231.0
33709,71904.0
33711,71904.0
33770,71904.0
35005,71275.0
35115,71565.0
35218,71275.0
37022,67865.0
37122,68675.0
40207,67663.0
44107,68360.0
44129,68360.0
44235,70562.0
44256,70562.0
45219,75833.0
46205,70999.0
46216,70999.0
47527,68645.0
47546,68645.0
49503,70662.0
49506,70662.0
50846,69294.0
54028,70354.0
55119,69310.0
55120,75019.0
55123,75019.0
55155,69310.0
56141,67663.0
56151,67663.0
56170,69853.0
56287,76945.0
56738,72481.0
56757,72481.0
56758,72481.0
57246,74933.0
57274,73994.0
57345,76842.0
57745,73485.0
57767,73485.0
58012,73185.0
58243,70222.0
58496,68370.0
58540,72821.0
58559,72821.0
58741,75774.0
58768,75774.0
59088,68959.0
59217,72410.0
60410,68225.0
60503,68225.0
67646,71198.0
68304,67310.0
68742,70612.0
68781,67240.0
68812,74630.0
68854,73733.0
68947,68950.0
68960,68950.0
70122,67403.0
73117,72954.0
73179,72954.0
73734,73533.0
73756,73533.0
76379,67573.0
76831,72121.0
77049,73862.0
77082,73862.0
77459,73855.0
77476,73855.0
79019,71357.0
82321,68521.0
82325,68521.0
82633,70943.0
82845,73622.0
83128,73432.0
83422,69601.0
83703,72588.0
84096,71787.0
84120,71787.0
85037,68111.0
85040,68111.0
85043,68111.0
85085,68111.0
85345,68111.0
85379,68111.0
88254,76555.0
88263,76555.0
93953,68943.0
96817,69893.0
98325,68457.0
98811,68356.0
99774,69573.0
99777,69573.0
7422,75364.0
7822,75364.0
8511,74684.0
8518,74684.0
10927,71330.0
12115,74642.0
12546,71391.0
12582,71391.0
15031,75468.0
15037,75468.0
15044,75468.0
15049,75468.0
15205,75468.0
15317,75091.0
18035,68050.0
19706,70792.0
19710,70792.0
19732,70792.0
21136,74738.0
21155,74738.0
21793,76664.0
23146,77005.0
23315,69100.0
24464,67990.0
28108,72553.0
28394,68180.0
30346,67811.0
1339,67327.0
1360,67327.0
1368,69301.0
1452,69301.0
3304,73531.0
3773,68216.0
4006,70640.0
4027,70640.0
4640,68181.0
4851,67794.0
5489,76222.0
5663,73602.0
6066,67916.0
6082,75433.0
6110,75433.0
6378,69755.0
6385,69755.0
6451,68387.0
7001,75352.0
59028,68586.0
59522,71171.0
59825,68344.0
59925,68725.0
60034,69641.0
61913,71677.0
62244,74760.0
63348,69693.0
63366,69693.0
64154,73531.0
64444,73531.0
66538,71607.0
66941,68978.0
66970,68978.0
67659,72489.0
67661,71198.0
68033,71628.0
68347,67310.0
68366,67310.0
68423,68090.0
68439,68090.0
68711,70612.0
68780,70612.0
68876,74630.0
68922,70215.0
68927,70667.0
69351,70339.0
73111,72954.0
77005,73862.0
77025,73862.0
77047,73862.0
77068,73862.0
77070,73862.0
77074,73862.0
77336,73862.0
77345,73862.0
77498,73855.0
78058,69038.0
78628,72828.0
78941,72230.0
79325,77006.0
80538,71359.0
83424,69601.0
83709,72588.0
83712,72588.0
84112,71787.0
85022,68111.0
85256,68111.0
85308,68111.0
85323,68111.0
85354,68111.0
85373,68111.0
85390,68111.0
33010,75182.0
33018,75182.0
33122,75182.0
33127,75182.0
33316,70982.0
33351,70982.0
33705,71904.0
37031,67865.0
57783,75362.0
58008,70746.0
58075,70746.0
58325,67469.0
58476,68370.0
44113,68360.0
44114,68360.0
44133,68360.0
44251,70562.0
44280,70562.0
44281,70562.0
45248,75833.0
46225,70999.0
48836,73173.0
51023,67668.0
51541,69748.0
55077,75019.0
55122,75019.0
56186,69853.0
56293,76945.0
56294,76945.0
56737,72481.0
93901,68943.0
95039,68943.0
96786,69893.0
97041,71946.0
98236,70094.0
98292,75320.0
98337,73841.0
93541,70699.0
97266,75772.0
98604,69318.0
98828,68356.0
99565,74906.0
99615,76625.0
99648,74906.0
1506,69301.0
3054,76187.0
3224,73531.0
3901,70640.0
4042,70640.0
5442,68121.0
5477,76222.0
6019,75433.0
6117,75433.0
6120,75433.0
6330,69755.0
6473,68387.0
6762,68387.0
8052,74684.0
8065,74684.0
8861,75352.0
10960,71330.0
12601,71391.0
15211,75468.0
15214,75468.0
15260,75468.0
15314,75091.0
15367,75091.0
19716,70792.0
19808,70792.0
20620,70353.0
21093,74738.0
21158,74895.0
21813,68163.0
21829,68163.0
22556,68098.0
26074,67565.0
28387,68180.0
28511,68500.0
28575,68500.0
40220,67663.0
40229,67663.0
43067,73664.0
44017,68360.0
44115,68360.0
44122,68360.0
44274,70562.0
45213,75833.0
45217,75833.0
45822,67802.0
45862,67802.0
46260,70999.0
49316,70662.0
49345,70662.0
50164,68446.0
51237,68302.0
55108,69310.0
55109,69310.0
56266,76945.0
56727,72481.0
57055,74873.0
57237,75160.0
57264,74933.0
57344,76934.0
59545,71171.0
59808,68344.0
60097,69641.0
60433,68225.0
60468,68225.0
60919,71035.0
60959,71035.0
60962,71035.0
61929,70047.0
62295,74760.0
63373,69693.0
64152,73531.0
66428,71607.0
68029,74042.0
68313,68090.0
68403,67310.0
68405,68090.0
68463,67310.0
68766,70612.0
68977,74351.0
70131,67403.0
73020,72954.0
73141,72954.0
73742,73533.0
76511,72828.0
76951,71876.0
77032,73862.0
77051,73862.0
77346,73862.0
77429,73862.0
77444,73855.0
77447,73862.0
77545,73855.0
79009,77006.0
79785,76555.0
79788,67647.0
84108,71787.0
84118,71787.0
84532,77028.0
85012,68111.0
85020,68111.0
85268,68111.0
85396,68111.0
88268,76555.0
95645,67778.0
96133,70699.0
96707,69893.0
97219,75772.0
98020,75320.0
98223,75320.0
98277,70094.0
33158,75182.0
33170,75182.0
33173,75182.0
33181,75182.0
33332,70982.0
33756,71904.0
37186,67865.0
57559,68393.0
57701,73485.0
57791,73485.0
58223,72754.0
58257,72754.0
58401,68370.0
58430,67934.0
58442,72030.0
58481,74136.0
58504,75321.0
58572,75321.0
58730,68807.0
21071,74738.0
21084,71196.0
33034,75182.0
33133,75182.0
33138,75182.0
33180,75182.0
33744,71904.0
33765,71904.0
35207,71275.0
37066,67865.0
37090,68675.0
37742,70063.0
37912,67323.0
40059,67663.0
40204,67663.0
40210,67663.0
43077,73664.0
44102,68360.0
44128,68360.0
44137,68360.0
44141,68360.0
44142,68360.0
45223,75833.0
46208,70999.0
46236,70999.0
48353,73173.0
49319,70662.0
50101,68410.0
50277,68446.0
50421,68410.0
50542,68410.0
53095,73187.0
53115,67665.0
54023,70354.0
55103,69310.0
56144,69853.0
57058,73312.0
57359,73160.0
57385,73160.0
58440,72030.0
58455,68370.0
58495,74321.0
58792,75774.0
58795,75412.0
58801,75412.0
58830,75412.0
59014,68244.0
59044,68959.0
59735,75313.0
60436,68225.0
64018,73531.0
68016,67310.0
68055,67487.0
68062,67487.0
68315,71989.0
68935,69182.0
68975,69182.0
73003,72954.0
73105,72954.0
73109,72954.0
76389,67573.0
77023,73862.0
77063,73862.0
77066,73862.0
77088,73862.0
77449,73862.0
77494,73855.0
77833,73880.0
77880,73880.0
79247,67115.0
80478,73848.0
80515,71359.0
80525,71359.0
81243,70391.0
83113,70620.0
85033,68111.0
85054,68111.0
85363,68111.0
85377,68111.0
93433,72721.0
93950,68943.0
95612,67778.0
95959,75539.0
97220,75772.0
98270,75320.0
98340,73841.0
57703,73485.0
58049,74136.0
58063,74136.0
58237,70222.0
58460,74321.0
98383,73841.0
99746,69573.0
99757,69573.0
33065,70982.0
33315,70982.0
33761,71904.0
35022,71275.0
37909,67323.0
40223,67663.0
44103,68360.0
44108,68360.0
44233,70562.0
45242,75833.0
46219,70999.0
49686,67800.0
50115,68446.0
51250,67668.0
51433,75597.0
56125,67663.0
56152,76945.0
56164,69853.0
56715,67464.0
57003,74873.0
57022,74873.0
57117,74873.0
57730,68449.0
58426,68370.0
58479,74136.0
58723,72821.0
93445,72721.0
99638,72234.0
99841,73176.0
95627,67778.0
96701,69893.0
97823,71618.0
98036,75320.0
98087,75320.0
98207,75320.0
98273,67173.0
98274,67173.0
98342,73841.0
58778,72821.0
58843,75412.0
59086,67131.0
59531,71171.0
59847,68344.0
59901,68725.0
60012,69641.0
60013,69641.0
60123,67922.0
61910,71677.0
66550,71607.0
68407,67310.0
68841,73733.0
68849,74630.0
68858,74630.0
69101,72970.0
70119,67403.0
76066,74009.0
76530,72828.0
77022,73862.0
77034,73862.0
77098,73862.0
77401,73862.0
77471,73855.0
77481,73855.0
77532,73862.0
78633,72828.0
79035,77006.0
80813,67575.0
80814,67575.0
80830,76970.0
84095,71787.0
84105,71787.0
85017,68111.0
85019,68111.0
85024,68111.0
85035,68111.0
85234,68111.0
85361,68111.0
88255,76555.0
1222,70945.0
1230,70945.0
1264,70945.0
1342,67327.0
1343,70945.0
1522,69301.0
1525,69301.0
3031,76187.0
3049,76187.0
3070,76187.0
3103,76187.0
3229,73531.0
3601,68216.0
4072,70640.0
4563,67794.0
4662,68181.0
4860,67794.0
6092,75433.0
6238,67916.0
6336,69755.0
6450,68387.0
6483,68387.0
6524,68387.0
7821,75364.0
8812,75352.0
12501,71391.0
12564,71391.0
12585,71391.0
15015,75468.0
15129,75468.0
15241,75468.0
16056,73039.0
17043,68998.0
17055,68998.0
19801,70792.0
19802,70792.0
19803,70792.0
19933,68532.0
19941,68532.0
19945,68532.0
20678,76018.0
20688,76018.0
21610,77025.0
21778,76664.0
21798,76664.0
21863,68163.0
23173,76912.0
23221,76912.0
23225,76912.0
23461,72091.0
30115,71255.0
1054,67327.0
1072,67327.0
1226,70945.0
1242,70945.0
1257,70945.0
1370,67327.0
1373,67327.0
1609,69301.0
1740,69301.0
2886,72004.0
3060,76187.0
3244,76187.0
3903,70640.0
4048,70640.0
4645,67794.0
5035,72177.0
5091,72177.0
5650,73602.0
5651,73602.0
5658,73602.0
6035,75433.0
6065,75433.0
6070,75433.0
6249,69755.0
6461,68387.0
6489,75433.0
6525,68387.0
8036,74684.0
8515,74684.0
12512,71391.0
12531,71391.0
15014,75468.0
15064,75468.0
15102,75468.0
15137,75468.0
15204,75468.0
15221,75468.0
15333,75091.0
15340,75091.0
15377,75091.0
16040,73039.0
17050,68998.0
19806,70792.0
19931,68532.0
19958,68532.0
19970,68532.0
21057,74738.0
21120,74738.0
21234,74738.0
21237,74738.0
21790,76664.0
23462,72091.0
28553,68500.0
28773,67589.0
30002,67811.0
30032,67811.0
30062,75176.0
30079,67811.0
58402,68370.0
1237,70945.0
1440,69301.0
1520,69301.0
1612,69301.0
3063,76187.0
3102,76187.0
3104,76187.0
4008,67538.0
4020,70640.0
4547,67794.0
4616,68181.0
4681,68181.0
5655,68121.0
5767,72177.0
6010,75433.0
6081,75433.0
6351,69755.0
6410,68387.0
6443,68387.0
6447,75433.0
6513,68387.0
8054,74684.0
8068,74684.0
8554,74684.0
8816,75352.0
8846,75352.0
10931,71330.0
10980,71330.0
12024,74642.0
12545,71391.0
12581,71391.0
12594,71391.0
15022,75091.0
15056,75468.0
15060,75091.0
15065,75468.0
15078,75091.0
15086,75468.0
15215,75468.0
15366,75091.0
16066,73039.0
17013,68998.0
17072,68998.0
17266,68998.0
17884,70610.0
18017,68050.0
18045,68050.0
18085,68050.0
18086,68050.0
19944,68532.0
20619,70353.0
20676,76018.0
20690,70353.0
21702,76664.0
21773,76664.0
23005,77005.0
23224,76912.0
23452,72091.0
28173,72553.0
28512,68500.0
28577,68500.0
28581,68500.0
28782,67589.0
30080,75176.0
30168,75176.0
30339,75176.0
93420,72721.0
93943,68943.0
95653,67778.0
96850,69893.0
97202,75772.0
97211,75772.0
97218,75772.0
97236,75772.0
98221,67173.0
98263,67173.0
98320,68457.0
93452,72721.0
93924,68943.0
99546,72234.0
99627,69573.0
99832,73176.0
59007,68244.0
59063,68586.0
59270,72410.0
59916,68725.0
60511,67922.0
60544,68225.0
61919,71677.0
61930,71677.0
63332,69693.0
66956,68978.0
67563,74594.0
67638,67860.0
67639,71198.0
68001,71971.0
68014,71971.0
68071,67487.0
68773,76372.0
68818,73733.0
68933,69182.0
70116,67403.0
73106,72954.0
73950,69284.0
76384,67115.0
77006,73862.0
77024,73862.0
77042,73862.0
77085,73862.0
77493,73862.0
77504,73862.0
77587,73862.0
77975,71664.0
78665,72828.0
78672,72121.0
82323,68521.0
82835,73622.0
83714,72588.0
85007,68111.0
85015,68111.0
85034,68111.0
85206,68111.0
85212,68111.0
85303,68111.0
85340,68111.0
85374,68111.0
88250,76555.0
33016,75182.0
33023,70982.0
33060,70982.0
33068,70982.0
33137,75182.0
33305,70982.0
33323,70982.0
33325,70982.0
33328,70982.0
35006,71275.0
35036,71275.0
40202,67663.0
40205,67663.0
44109,68360.0
44127,68360.0
44144,68360.0
45214,75833.0
45215,75833.0
48139,73173.0
49301,70662.0
49718,75812.0
51025,76071.0
51244,67668.0
52208,70193.0
53120,67665.0
53147,67665.0
55960,71904.0
55976,71904.0
56249,69348.0
57012,73312.0
57040,70996.0
57646,74502.0
58031,74136.0
58042,73185.0
58231,70222.0
58444,67934.0
58712,75774.0
93955,68943.0
95012,68943.0
96762,69893.0
96782,69893.0
96815,69893.0
96826,69893.0
98237,67173.0
98249,70094.0
98271,75320.0
98367,73841.0
98601,69318.0
98675,69318.0
98801,68356.0
99624,76625.0
99691,69573.0
99788,69573.0
1350,67327.0
1354,67327.0
3064,76187.0
3216,73531.0
3263,73531.0
3281,76187.0
3908,70640.0
4476,68181.0
4617,68181.0
4858,67794.0
5059,72177.0
5462,76222.0
5495,76222.0
6073,75433.0
6078,75433.0
6334,69755.0
8832,75352.0
8863,75352.0
10956,71330.0
12184,74642.0
12516,74642.0
12571,71391.0
12574,71391.0
15135,75468.0
18063,68050.0
18064,68050.0
19734,70792.0
19807,70792.0
19963,68532.0
19967,68532.0
20732,76018.0
21105,74738.0
21153,74738.0
21661,77025.0
22969,67990.0
23068,72439.0
30064,75176.0
30126,75176.0
33054,75182.0
33056,75182.0
33132,75182.0
33141,75182.0
33161,75182.0
33165,75182.0
33521,71231.0
33706,71904.0
33781,71904.0
35080,71565.0
35180,71275.0
35223,71275.0
35233,71275.0
37916,67323.0
40231,67663.0
40258,67663.0
41018,73345.0
44123,68360.0
45206,75833.0
45826,67802.0
46240,70999.0
49321,70662.0
49690,67800.0
49701,75812.0
49782,71589.0
51554,69748.0
54016,70354.0
55306,75019.0
56579,74577.0
56724,72481.0
57037,70996.0
57238,75160.0
57243,67768.0
57427,75470.0
57449,75470.0
57779,75362.0
58001,70746.0
58480,74136.0
58552,69003.0
58575,72821.0
59013,68244.0
59037,68959.0
59057,68959.0
59926,68725.0
60134,67922.0
60140,67922.0
60441,68225.0
61813,70047.0
61854,70047.0
63304,69693.0
68371,68781.0
68758,67240.0
68879,76269.0
68932,68950.0
68972,68950.0
70114,67403.0
73049,72954.0
73139,72954.0
73142,72954.0
73151,72954.0
77009,73862.0
77021,73862.0
77026,73862.0
77048,73862.0
77080,73862.0
77084,73862.0
77091,73862.0
77201,73862.0
77389,73862.0
77461,73855.0
77571,73862.0
77835,73880.0
78382,68361.0
78945,72230.0
78963,72230.0
79053,77006.0
79789,75821.0
82801,73622.0
83115,70620.0
84006,71787.0
84084,71787.0
85225,68111.0
85263,68111.0
85343,68111.0
1235,70945.0
1244,70945.0
1255,70945.0
1420,69301.0
1468,69301.0
1510,69301.0
1606,69301.0
1745,69301.0
4562,67538.0
4635,68181.0
5143,72177.0
5465,76222.0
5482,76222.0
5656,68121.0
5673,73602.0
6033,75433.0
6106,75433.0
6248,67916.0
6250,67916.0
6376,69755.0
6415,69755.0
6418,68387.0
7874,75364.0
7881,75364.0
8055,74684.0
8073,74684.0
8810,75352.0
10952,71330.0
10954,71330.0
10974,71330.0
10977,71330.0
12037,74642.0
12130,74642.0
15018,75468.0
15046,75468.0
15051,75468.0
15145,75468.0
15225,75468.0
16001,73039.0
16020,73039.0
16050,73039.0
19951,68532.0
20660,70353.0
20674,70353.0
20680,70353.0
20686,70353.0
20689,76018.0
21014,71196.0
21031,74738.0
21162,74738.0
21701,76664.0
23160,72006.0
23192,77005.0
28174,72553.0
28516,68500.0
28524,68500.0
28756,67589.0
30034,67811.0
33066,70982.0
33157,75182.0
33175,75182.0
33178,75182.0
33314,70982.0
33319,70982.0
33322,70982.0
33441,70982.0
35143,71565.0
35187,71565.0
35216,71275.0
35229,71275.0
40118,67663.0
40208,67663.0
40218,67663.0
41017,73345.0
44116,68360.0
44132,68360.0
45052,75833.0
45204,75833.0
46239,70999.0
50026,68446.0
51027,67668.0
51036,67668.0
55068,75019.0
55075,75019.0
55107,69310.0
56252,69348.0
56263,76945.0
56543,74577.0
56701,68190.0
57018,74873.0
57201,67768.0
57313,76934.0
57319,73312.0
57363,67849.0
57364,76934.0
58072,74136.0
58362,67469.0
58377,67469.0
58531,72821.0
59079,68959.0
59740,75313.0
60051,69641.0
60442,68225.0
63301,69693.0
67854,74269.0
68066,71628.0
68303,71989.0
68715,67240.0
68792,71135.0
68926,70215.0
68956,68330.0
68958,70667.0
68979,69182.0
68981,68950.0
69210,71794.0
70128,67403.0
73045,72954.0
73084,72954.0
73122,72954.0
73127,72954.0
76372,69691.0
76487,74009.0
77013,73862.0
77016,73862.0
77028,73862.0
77038,73862.0
80459,73848.0
81434,70391.0
82301,68521.0
82331,68521.0
82440,77015.0
82639,70887.0
83646,72588.0
84018,71630.0
84070,71787.0
84094,71787.0
84113,71787.0
84123,71787.0
84124,71787.0
85014,68111.0
85021,68111.0
85262,68111.0
85307,68111.0
98661,69318.0
99550,76625.0
99705,69775.0
93442,72721.0
93926,68943.0
95937,67778.0
97231,75772.0
98267,67173.0
98284,67173.0
98315,73841.0
98370,73841.0
98380,73841.0
98392,73841.0
98816,68356.0
99590,69573.0
99602,69573.0
99660,72234.0
99730,69573.0
99758,69573.0
99826,73176.0
33015,75182.0
33025,70982.0
33030,75182.0
33179,75182.0
33308,70982.0
33312,70982.0
33321,70982.0
33514,71231.0
33762,71904.0
35147,71565.0
37902,67323.0
58009,72754.0
58038,73185.0
58405,68370.0
58565,72821.0
58579,72821.0
58710,75774.0
58852,75412.0
58853,75412.0
59026,68244.0
59070,68244.0
59082,67131.0
59826,68344.0
59928,68725.0
60118,67922.0
61856,70047.0
66408,71607.0
66534,71607.0
66949,68978.0
67837,75419.0
68632,71971.0
68648,71628.0
68701,67240.0
68720,76372.0
68846,73733.0
68944,69182.0
69347,70339.0
73013,72954.0
73054,72954.0
77057,73862.0
77083,73862.0
77094,73862.0
77396,73862.0
79772,76555.0
80427,69394.0
80863,67575.0
81021,74467.0
81220,70391.0
81303,76558.0
81326,76558.0
81647,71629.0
82433,77015.0
82844,73622.0
83120,73432.0
83669,72588.0
85016,68111.0
85032,68111.0
85048,68111.0
85207,68111.0
85213,68111.0
85249,68111.0
85258,68111.0
85281,68111.0
85301,68111.0
85382,68111.0
85388,68111.0
40206,67663.0
40245,67663.0
44145,68360.0
45209,75833.0
45239,75833.0
45249,75833.0
45252,75833.0
46221,70999.0
46224,70999.0
46250,70999.0
47575,68645.0
48137,73173.0
48143,73173.0
49546,70662.0
49722,75812.0
50535,75597.0
50583,75597.0
52249,70193.0
54002,70354.0
55113,69310.0
56083,76945.0
57029,75370.0
57048,73312.0
57223,69757.0
57460,75470.0
57541,67191.0
57719,73485.0
57754,75362.0
57775,73485.0
93444,72721.0
93451,72721.0
93920,68943.0
93921,68943.0
95606,67778.0
97227,75772.0
98255,67173.0
98339,68457.0
1258,70945.0
1376,67327.0
1519,69301.0
1602,69301.0
3033,76187.0
3230,73531.0
3268,73531.0
3280,68216.0
3745,68216.0
4056,70640.0
4625,68181.0
4855,67794.0
4859,67794.0
4863,67794.0
5056,72177.0
5445,76222.0
5654,73602.0
5676,73602.0
5681,73602.0
6114,75433.0
6231,67916.0
6320,69755.0
6479,75433.0
7461,75364.0
7848,75364.0
8016,74684.0
8850,75352.0
8882,75352.0
12060,74642.0
12136,74642.0
12578,71391.0
12590,71391.0
15090,75468.0
15139,75468.0
15219,75468.0
15235,75468.0
15321,75091.0
15332,75091.0
15379,75091.0
15429,75091.0
18015,68050.0
19971,68532.0
20736,76018.0
21208,74738.0
21769,76664.0
21784,74895.0
22971,67990.0
26003,67565.0
28374,68180.0
22949,67990.0
23015,77005.0
23047,77005.0
23219,76912.0
23304,69100.0
23454,72091.0
27376,68180.0
30107,71255.0
32162,71231.0
33009,70982.0
33029,70982.0
33146,75182.0
33194,75182.0
33702,71904.0
33764,71904.0
34681,71904.0
35061,71275.0
35124,71565.0
35228,71275.0
37772,70063.0
37849,67323.0
40025,67663.0
40299,67663.0
44136,68360.0
45174,75833.0
45216,75833.0
45244,75833.0
45846,67802.0
45860,67802.0
45883,67802.0
46218,70999.0
46229,70999.0
48114,73173.0
50250,68446.0
50533,68410.0
51230,68302.0
51533,69748.0
53022,73187.0
55031,75019.0
56180,76945.0
56271,69348.0
56742,67464.0
57045,75370.0
57328,76934.0
57346,76842.0
57799,75362.0
58035,72754.0
58321,67469.0
58330,67469.0
58338,67469.0
58467,68370.0
58503,75321.0
58651,72257.0
1571,69301.0
1585,69301.0
3046,73531.0
3051,76187.0
3440,76187.0
3907,70640.0
4076,70640.0
4614,68181.0
4674,68181.0
4675,68181.0
4677,68181.0
4864,67794.0
5001,72177.0
5052,72177.0
5067,72177.0
5084,72177.0
5641,73602.0
5667,73602.0
6037,75433.0
6160,75433.0
6420,69755.0
7077,75352.0
8088,74684.0
12174,74642.0
12502,74642.0
12540,71391.0
12570,71391.0
15007,75468.0
15053,75091.0
15054,75091.0
15108,75468.0
15142,75468.0
15206,75468.0
15301,75091.0
15324,75091.0
15330,75091.0
15361,75091.0
15363,75091.0
18014,68050.0
19939,68532.0
20615,76018.0
20657,76018.0
21015,71196.0
21052,74738.0
21082,74738.0
21771,76664.0
21787,74895.0
21811,68163.0
58833,68807.0
59002,68959.0
59803,68344.0
59936,68725.0
60098,69641.0
60109,67922.0
60175,67922.0
61773,71035.0
64164,73531.0
66942,68978.0
67656,70367.0
67747,69978.0
67748,69978.0
68401,68781.0
68667,71971.0
68735,70612.0
68752,67240.0
68946,70215.0
68955,68330.0
69121,70075.0
70129,67403.0
70130,67403.0
73066,72954.0
73764,73533.0
73844,69284.0
76085,74009.0
77031,73862.0
77033,73862.0
78949,72230.0
79718,76555.0
79745,75821.0
80517,71359.0
80526,71359.0
80537,71359.0
81231,70391.0
82839,73622.0
83126,73432.0
83704,72588.0
85248,68111.0
85255,68111.0
85296,68111.0
85297,68111.0
85320,68111.0
85375,68111.0
93428,72721.0
93450,68943.0
93546,70699.0
93933,68943.0
95618,67778.0
96816,69893.0
96860,69893.0
97216,75772.0
97812,71618.0
98233,67173.0
98275,75320.0
98282,70094.0
98607,69318.0
99695,74906.0
1083,69301.0
1367,67327.0
1451,69301.0
1504,69301.0
1536,69301.0
1543,69301.0
1583,69301.0
1604,69301.0
1747,69301.0
1772,69301.0
2827,72004.0
3303,73531.0
3442,76187.0
4030,70640.0
4644,68181.0
4646,68181.0
4660,68181.0
5463,74532.0
6027,75433.0
6492,68387.0
6515,68387.0
6518,68387.0
7827,75364.0
8224,74684.0
12604,71391.0
15088,75468.0
15101,75468.0
15132,75468.0
15238,75468.0
15342,75091.0
16053,73039.0
19804,70792.0
19809,70792.0
20630,70353.0
20692,70353.0
20754,76018.0
21009,71196.0
21102,74895.0
21130,71196.0
21133,74738.0
21227,74738.0
21236,74738.0
21703,76664.0
22920,67990.0
23116,77005.0
23163,72439.0
28373,68180.0
59006,68959.0
59801,68344.0
59823,68344.0
59911,68725.0
60119,67922.0
60174,67922.0
60585,68225.0
66936,68978.0
67867,75419.0
68041,71628.0
68058,67310.0
68636,76372.0
68665,75828.0
68736,71135.0
68764,76372.0
68865,73733.0
68875,75828.0
68969,74351.0
69170,72970.0
69214,71794.0
70743,70185.0
73119,72954.0
73134,72954.0
76531,70580.0
76578,72828.0
76943,68799.0
77003,73862.0
77007,73862.0
77017,73862.0
77045,73862.0
77067,73862.0
77077,73862.0
77441,73855.0
77507,73862.0
78607,72121.0
78642,72828.0
79093,72100.0
80536,71359.0
82637,70943.0
83122,73432.0
83127,73432.0
83716,72588.0
84093,71787.0
85008,68111.0
85051,68111.0
85203,68111.0
85233,68111.0
85295,68111.0
85338,68111.0
88256,76555.0
40228,67663.0
41016,73345.0
44106,68360.0
45225,75833.0
46222,70999.0
49341,70662.0
49755,75812.0
50567,75597.0
50849,69294.0
52354,70193.0
53121,67665.0
55102,69310.0
55105,69310.0
55110,69310.0
55929,71904.0
56297,71912.0
56710,72481.0
57028,71327.0
57110,74873.0
57790,73485.0
58002,73185.0
58218,72754.0
58463,67934.0
98665,69318.0
99549,74906.0
99768,69573.0
99820,73176.0
33032,75182.0
33130,75182.0
33147,75182.0
33168,75182.0
33708,71904.0
33710,71904.0
33763,71904.0
33772,71904.0
35020,71275.0
35211,71275.0
37922,67323.0
95679,67778.0
98043,75320.0
98021,75320.0
98232,67173.0
98283,67173.0
98366,73841.0
1330,67327.0
1507,69301.0
1570,69301.0
3909,70640.0
4049,70640.0
4287,67538.0
4843,67794.0
5664,73602.0
6067,75433.0
6111,75433.0
8562,74684.0
8854,75352.0
12195,74642.0
12534,74642.0
15006,75468.0
15017,75468.0
15217,75468.0
15227,75468.0
15432,75091.0
16048,73039.0
16051,73039.0
16055,73039.0
18040,68050.0
20626,70353.0
20639,76018.0
20650,70353.0
21204,74738.0
21222,74738.0
21250,74738.0
21645,77025.0
21716,76664.0
21758,76664.0
21762,76664.0
21777,76664.0
23222,76912.0
23457,72091.0
30183,71255.0
33026,70982.0
33101,75182.0
33136,75182.0
33174,75182.0
33183,75182.0
33782,71904.0
35212,71275.0
35243,71275.0
37048,67865.0
37931,67323.0
40241,67663.0
43036,73664.0
43344,73664.0
44112,68360.0
44273,70562.0
45203,75833.0
48169,73173.0
49418,70662.0
50002,69294.0
51020,76071.0
51041,67668.0
51238,67668.0
51243,68302.0
51571,69748.0
53002,73187.0
55116,69310.0
55118,75019.0
55121,75019.0
55902,71904.0
56748,67464.0
57105,74873.0
57648,74502.0
58011,73185.0
58015,70746.0
58229,70222.0
58501,75321.0
58655,71645.0
58849,75412.0
59834,68344.0
59919,68725.0
60071,69641.0
60151,67922.0
60539,67922.0
61327,70122.0
62279,74760.0
63368,69693.0
64151,73531.0
66522,71607.0
67631,70367.0
67860,69427.0
67864,75656.0
68067,67487.0
68319,68781.0
68349,67310.0
68745,71135.0
68763,70612.0
68901,68330.0
68973,68330.0
69345,75754.0
73118,72954.0
73132,72954.0
76460,69691.0
76885,72121.0
77019,73862.0
77046,73862.0
77062,73862.0
77081,73862.0
77096,73862.0
77339,73862.0
77489,73855.0
81230,70391.0
81239,70391.0
82842,73622.0
83101,73432.0
83110,73432.0
83118,73432.0
84106,71787.0
85006,68111.0
85044,68111.0
85204,68111.0
85208,68111.0
88220,76555.0
93430,72721.0
93517,70699.0
95776,67778.0
96706,69893.0
96717,69893.0
96813,69893.0
98037,75320.0
98238,67173.0
98312,73841.0
99740,69573.0
1092,69301.0
1220,70945.0
1475,69301.0
1505,69301.0
1534,69301.0
1610,69301.0
3231,73531.0
3258,73531.0
4083,70640.0
4613,68181.0
5161,72177.0
5458,74532.0
5672,68121.0
5677,73602.0
6076,67916.0
6090,75433.0
6095,75433.0
6232,67916.0
6365,69755.0
6467,75433.0
7416,75364.0
8011,74684.0
8060,74684.0
8902,75352.0
12508,71391.0
12565,74642.0
15122,75468.0
15126,75468.0
15311,75091.0
15378,75091.0
16057,73039.0
18067,68050.0
20687,70353.0
21001,71196.0
21028,71196.0
21074,74895.0
21128,74738.0
21156,74738.0
21788,76664.0
23111,77005.0
23464,72091.0
30106,75176.0
30294,67811.0
30338,67811.0
30345,67811.0
59001,68586.0
59027,67131.0
59068,68244.0
60417,68225.0
62248,74760.0
67519,74594.0
67838,69427.0
68002,74042.0
68669,71971.0
69024,67709.0
69163,71302.0
73104,72954.0
73129,72954.0
76087,74009.0
77012,73862.0
77056,73862.0
77417,73855.0
77478,73855.0
77598,73862.0
79780,76555.0
80422,69394.0
81045,74467.0
81241,70391.0
83111,73432.0
84092,71787.0
84104,71787.0
84107,71787.0
85201,68111.0
85209,68111.0
85210,68111.0
85226,68111.0
85335,68111.0
85353,68111.0
40209,67663.0
41011,73345.0
44101,68360.0
44111,68360.0
44119,68360.0
44130,68360.0
45212,75833.0
45230,75833.0
45882,67802.0
47630,71369.0
49326,70662.0
49525,70662.0
49548,70662.0
49666,67800.0
50128,68446.0
52351,70193.0
54025,70354.0
57024,71327.0
57265,74933.0
57433,75470.0
57522,67656.0
57528,67191.0
57584,67191.0
57761,73485.0
58045,72754.0
58581,74321.0
33055,75182.0
33166,75182.0
33182,75182.0
33189,75182.0
34677,71904.0
34685,71904.0
35114,71565.0
35119,71275.0
35126,71275.0
37087,68675.0
37184,68675.0
93449,72721.0
95605,67778.0
96731,69893.0
96818,69893.0
97014,71946.0
97031,71946.0
97212,75772.0
97233,75772.0
93954,68943.0
98662,69318.0
98831,68356.0
99643,76625.0
33134,75182.0
33144,75182.0
33160,75182.0
33442,70982.0
33597,71231.0
33701,71904.0
33755,71904.0
34484,71231.0
35040,71565.0
35062,71275.0
35206,71275.0
37148,67865.0
37917,67323.0
1074,69301.0
1223,70945.0
1260,70945.0
1262,70945.0
1355,67327.0
1566,69301.0
4579,67538.0
4624,68181.0
4650,68181.0
4669,68181.0
4841,67794.0
5439,76222.0
5446,76222.0
5669,73602.0
5674,73602.0
6029,67916.0
6051,75433.0
6335,69755.0
6339,69755.0
6379,69755.0
6380,69755.0
6770,68387.0
7460,75364.0
8046,74684.0
8852,75352.0
8859,75352.0
12522,71391.0
15025,75468.0
18038,68050.0
19711,70792.0
20606,70353.0
20670,70353.0
21207,74738.0
21219,74738.0
21718,76664.0
21727,76664.0
22938,67990.0
23021,72439.0
28103,72553.0
28315,68180.0
28579,68500.0
30083,67811.0
30084,67811.0
30188,71255.0
40217,67663.0
44146,68360.0
44215,70562.0
45205,75833.0
45229,75833.0
45247,75833.0
46214,70999.0
46254,70999.0
49315,70662.0
49512,70662.0
50561,75597.0
51466,75597.0
53190,67665.0
55127,69310.0
56139,69853.0
56223,71912.0
56241,71912.0
56280,71912.0
57033,74873.0
57248,69757.0
57314,73160.0
57355,74055.0
57370,74055.0
58053,70746.0
58062,74136.0
58071,73185.0
58494,75321.0
58542,69003.0
58716,72821.0
58755,75412.0
58788,75774.0
59041,68244.0
59932,68725.0
59937,68725.0
60014,69641.0
60102,69641.0
60449,68225.0
61855,70047.0
61911,71677.0
63341,69693.0
67628,67860.0
68068,74042.0
68375,71989.0
68662,76182.0
68734,70612.0
68749,71135.0
68859,75469.0
69123,72970.0
70125,67403.0
73025,72954.0
73108,72954.0
76082,74009.0
76351,67573.0
76457,70580.0
77011,73862.0
77035,73862.0
77064,73862.0
78028,69038.0
80447,73848.0
84044,71787.0
84101,71787.0
85018,68111.0
85027,68111.0
85028,68111.0
85087,68111.0
85259,68111.0
85310,68111.0
85351,68111.0
93446,72721.0
93930,68943.0
95949,75539.0
96734,69893.0
96857,69893.0
97080,75772.0
97213,75772.0
97217,75772.0
98203,75320.0
98364,73841.0
98258,75320.0
98294,75320.0
98671,69318.0
98852,68356.0
99548,74906.0
99564,74906.0
99625,74906.0
99692,72234.0
99756,69573.0
58041,70746.0
1005,69301.0
1462,69301.0
1518,69301.0
1541,69301.0
1542,69301.0
1607,69301.0
1756,69301.0
4357,67538.0
4408,68181.0
4676,68181.0
5068,72177.0
6052,75433.0
6091,75433.0
6269,67916.0
6477,68387.0
6478,68387.0
7851,75364.0
8053,74684.0
8879,75352.0
10965,71330.0
12125,74642.0
12567,71391.0
15207,75468.0
15216,75468.0
15323,75091.0
16029,73039.0
17081,68998.0
20714,76018.0
21154,71196.0
21221,74738.0
23898,69100.0
30066,75176.0
33035,75182.0
33185,75182.0
33193,75182.0
33327,70982.0
35118,71275.0
37920,67323.0
37921,67323.0
43045,73664.0
44121,68360.0
44149,68360.0
45237,75833.0
46202,70999.0
46220,70999.0
46226,70999.0
46228,70999.0
46237,70999.0
47619,71369.0
49544,70662.0
49637,67800.0
49706,75812.0
51239,67668.0
51534,69748.0
54015,70354.0
54017,70354.0
55065,75019.0
55085,75019.0
55150,75019.0
56245,71912.0
56713,72481.0
57234,69757.0
57263,67768.0
57272,67768.0
57439,75470.0
57751,73485.0
57793,75362.0
58036,73185.0
58102,73185.0
58549,69003.0
58744,75774.0
59015,68959.0
59030,67131.0
59102,68959.0
59105,68959.0
59729,75313.0
59868,68344.0
60142,69641.0
60156,69641.0
60435,68225.0
60475,68225.0
61942,71677.0
66951,67860.0
67625,72489.0
68034,74042.0
68327,71989.0
68624,71971.0
68654,76182.0
68658,71971.0
68713,70612.0
68774,71135.0
68837,75469.0
68847,74630.0
68882,75828.0
68920,74351.0
69217,71794.0
70127,67403.0
73750,73533.0
76527,72828.0
76932,71887.0
77008,73862.0
77065,73862.0
77087,73862.0
78029,69038.0
78681,72828.0
79756,67647.0
80512,71359.0
82922,70620.0
83116,73432.0
83121,73432.0
83455,69601.0
85086,68111.0
85264,68111.0
85283,68111.0
93928,68943.0
95637,67778.0
95694,67778.0
96161,75539.0
97019,75772.0
97221,75772.0
99606,74906.0
